timestamp,cpc,cpm,is_anomaly,,average cpc,,average cpm,,cpc(normalized),cpm(normalized)
2011/7/9 9:15,0.34578125,0.722730242,TRUE,,0.135947019,,0.744137884,,0.308399323,0.043522599
2011/7/9 15:15,0.13391807,0.672810393,FALSE,,max cpc,,max cpm,,0.095495041,0.038081204
2011/7/9 17:15,0.150357747,0.730694413,FALSE,,1.034,,9.497540003,,0.112015503,0.044390715
2011/7/9 18:15,0.203111864,1.106596585,FALSE,,min cpc,,min cpm,,0.165028855,0.085365043
2011/7/9 19:15,0.130078543,0.951126681,FALSE,,0.038898848,,0.323450424,,0.091636646,0.068418413
2011/7/9 20:15,0.167640449,0.866127004,FALSE,,,,,,0.129383133,0.059153224
2011/7/9 21:15,0.113326103,0.822021986,FALSE,,,,,,0.074801884,0.054345661
2011/7/9 22:15,0.206984733,1.031459221,FALSE,,,,,,0.168920755,0.077174872
2011/7/9 23:15,0.245220126,1.165446122,FALSE,,,,,,0.207344038,0.091779797
2011/7/10 0:15,0.218996283,1.055810452,FALSE,,,,,,0.180991331,0.07982922
2011/7/10 1:15,0.175434132,0.93376998,FALSE,,,,,,0.137215114,0.066526487
2011/7/10 2:15,0.159976387,0.852321869,FALSE,,,,,,0.121681409,0.057648428
2011/7/10 3:15,0.102847737,0.562376238,FALSE,,,,,,0.064272027,0.02604359
2011/7/10 4:15,0.133527935,0.690265027,FALSE,,,,,,0.095102989,0.039983805
2011/7/10 5:15,0.130798297,0.661577266,FALSE,,,,,,0.092359937,0.036856764
2011/7/10 6:15,0.142358491,0.683708792,FALSE,,,,,,0.103976938,0.039269158
2011/7/10 7:15,0.11858685,0.585272294,FALSE,,,,,,0.080088483,0.02853932
2011/7/10 8:15,0.236731518,0.725823769,FALSE,,,,,,0.198813717,0.043859802
2011/7/10 9:15,0.135947019,1.065481908,FALSE,,,,,,0.09753396,0.080883435
2011/7/10 10:15,0.200746269,0.812296171,FALSE,,,,,,0.162651635,0.053285522
2011/7/10 11:15,0.259387755,1.150122161,FALSE,,,,,,0.221581287,0.090109445
2011/7/10 12:15,0.311612903,1.910790228,FALSE,,,,,,0.274063071,0.17302427
2011/7/10 13:15,0.317843137,1.898237602,FALSE,,,,,,0.280323921,0.171656001
2011/7/10 14:15,0.239368421,0.744137884,FALSE,,,,,,0.201463578,0.045856089
2011/7/10 15:15,0.264626168,1.36903179,FALSE,,,,,,0.226845442,0.113971172
2011/7/10 16:15,0.240777778,1.235391369,FALSE,,,,,,0.202879861,0.099404014
2011/7/10 17:15,0.228554217,1.300049686,FALSE,,,,,,0.190596233,0.106451941
2011/7/10 18:15,0.15796,1.029690406,FALSE,,,,,,0.119655114,0.076982066
2011/7/10 19:15,0.143783359,0.93253645,FALSE,,,,,,0.105408808,0.066392029
2011/7/10 20:15,0.148010949,0.931886464,FALSE,,,,,,0.109657173,0.066321179
2011/7/10 21:15,0.16090555,0.863524014,FALSE,,,,,,0.122615138,0.058869492
2011/7/10 22:15,0.145347777,0.991745182,FALSE,,,,,,0.106980914,0.072845937
2011/7/10 23:15,0.155945122,0.862854251,FALSE,,,,,,0.117630334,0.058796486
2011/7/11 0:15,0.136297468,0.747998449,FALSE,,,,,,0.097886131,0.0462769
2011/7/11 1:15,0.16415677,0.850183503,FALSE,,,,,,0.125882335,0.057415341
2011/7/11 2:15,0.124148728,0.654526696,FALSE,,,,,,0.085677692,0.036088233
2011/7/11 3:15,0.141942344,0.728679425,FALSE,,,,,,0.103558746,0.044171076
2011/7/11 4:15,0.136494118,0.690021863,FALSE,,,,,,0.098083748,0.0399573
2011/7/11 5:15,0.146881276,0.698213122,FALSE,,,,,,0.108521948,0.040850168
2011/7/11 6:15,0.535167111,0.63828083,TRUE,,,,,,0.498715831,0.034317391
2011/7/11 7:15,0.157718978,0.671747063,FALSE,,,,,,0.119412907,0.037965298
2011/7/11 8:15,0.13847512,0.641360186,FALSE,,,,,,0.100074484,0.034653049
2011/7/11 9:15,0.136170213,0.588559868,FALSE,,,,,,0.097758251,0.028897675
2011/7/11 10:15,0.275098039,4.008431112,TRUE,,,,,,0.237368772,0.401672658
2011/7/11 11:15,0.4325,2.039724288,FALSE,,,,,,0.395544211,0.187078423
2011/7/11 12:15,0.333389831,1.434196136,FALSE,,,,,,0.295947012,0.121074258
2011/7/11 13:15,0.316944444,1.509938332,FALSE,,,,,,0.279420812,0.129330357
2011/7/11 14:15,0.601511628,8.391766411,TRUE,,,,,,0.565386367,0.879467763
2011/7/11 15:15,0.395191638,1.107355354,FALSE,,,,,,0.358052515,0.085447751
2011/7/11 16:15,0.159351145,0.997729717,FALSE,,,,,,0.121053095,0.073498267
2011/7/11 17:15,0.145196472,0.838516364,FALSE,,,,,,0.106828865,0.056143592
2011/7/11 18:15,0.094378531,0.591521866,FALSE,,,,,,0.055761203,0.02922054
2011/7/11 19:15,0.093618176,0.523210749,FALSE,,,,,,0.054997112,0.021774448
2011/7/11 20:15,0.095509929,0.507413792,FALSE,,,,,,0.056898161,0.020052538
2011/7/11 21:15,0.087514846,0.538820682,FALSE,,,,,,0.04886379,0.023475972
2011/7/11 22:15,0.101887324,0.537126367,FALSE,,,,,,0.063306895,0.023291287
2011/7/11 23:15,0.093271582,0.575014048,FALSE,,,,,,0.054648815,0.027421145
2011/7/12 0:15,0.080186978,0.434892834,FALSE,,,,,,0.041499913,0.012147563
2011/7/12 1:15,0.107423208,0.568473259,FALSE,,,,,,0.068869982,0.026708181
2011/7/12 2:15,0.122129555,0.576361278,FALSE,,,,,,0.083648597,0.027567996
2011/7/12 3:15,0.118618347,0.5616658,FALSE,,,,,,0.080120134,0.02596615
2011/7/12 4:15,0.121473648,0.506676771,FALSE,,,,,,0.082989466,0.019972201
2011/7/12 5:15,0.12223931,0.53299206,FALSE,,,,,,0.083758891,0.022840637
2011/7/12 6:15,0.130082245,0.533646652,FALSE,,,,,,0.091640366,0.022911989
2011/7/12 7:15,0.119370416,0.543344592,FALSE,,,,,,0.080875899,0.02396909
2011/7/12 8:15,0.192372654,0.633936893,FALSE,,,,,,0.154236872,0.03384389
2011/7/12 9:15,0.154179104,4.127714568,FALSE,,,,,,0.115855638,0.414674869
2011/7/12 10:15,0.156139706,0.6700852,FALSE,,,,,,0.117825875,0.037784151
2011/7/12 11:15,0.153510638,0.702719813,FALSE,,,,,,0.115183887,0.04134141
2011/7/12 12:15,0.216650718,0.995558683,FALSE,,,,,,0.178634239,0.073261619
2011/7/12 13:15,0.129122517,1.169265367,FALSE,,,,,,0.090675922,0.092196105
2011/7/12 14:15,0.228793503,1.014099281,FALSE,,,,,,0.190836694,0.075282593
2011/7/12 15:15,0.161011386,0.996637659,FALSE,,,,,,0.122721494,0.07337923
2011/7/12 16:15,0.152619543,0.679225381,FALSE,,,,,,0.114288413,0.038780455
2011/7/12 17:15,0.152978723,0.758140254,FALSE,,,,,,0.114649358,0.047382384
2011/7/12 18:15,0.13275624,0.763981211,FALSE,,,,,,0.094327501,0.048019064
2011/7/12 19:15,0.129964483,0.708667856,FALSE,,,,,,0.091522026,0.041989762
2011/7/12 20:15,0.153546012,0.714510023,FALSE,,,,,,0.115219435,0.042626574
2011/7/12 21:15,0.167512367,0.76234554,FALSE,,,,,,0.129254421,0.047840771
2011/7/12 22:15,0.154508321,0.703105906,FALSE,,,,,,0.116186473,0.041383495
2011/7/12 23:15,0.112512195,0.70782655,FALSE,,,,,,0.073983977,0.041898057
2011/7/13 0:15,0.148014184,0.5767052,FALSE,,,,,,0.109660423,0.027605485
2011/7/13 1:15,0.169751908,0.679474448,FALSE,,,,,,0.131504967,0.038807604
2011/7/13 2:15,0.150281501,0.557389601,FALSE,,,,,,0.111938882,0.025500033
2011/7/13 3:15,0.133869464,0.531382044,FALSE,,,,,,0.095446196,0.022665141
2011/7/13 4:15,0.132169715,0.529654201,FALSE,,,,,,0.093738094,0.022476802
2011/7/13 5:15,0.129479535,0.519767135,FALSE,,,,,,0.091034695,0.021399085
2011/7/13 6:15,0.139127907,3.951131814,FALSE,,,,,,0.100730479,0.395426883
2011/7/13 7:15,0.15101425,0.555591534,FALSE,,,,,,0.112675232,0.025304039
2011/7/13 8:15,0.17551201,0.656115013,FALSE,,,,,,0.137293375,0.036261364
2011/7/13 9:15,0.175958647,0.787982862,FALSE,,,,,,0.137742206,0.050635307
2011/7/13 10:15,0.169254237,0.69258725,FALSE,,,,,,0.131004851,0.040236934
2011/7/13 11:15,0.228617021,0.935283109,FALSE,,,,,,0.190659345,0.066691422
2011/7/13 12:15,0.258172589,1.079051216,FALSE,,,,,,0.22036015,0.082362525
2011/7/13 13:15,0.213432432,1.265473892,FALSE,,,,,,0.175400139,0.102683088
2011/7/13 14:15,0.105857143,0.758122744,FALSE,,,,,,0.067296222,0.047380475
2011/7/13 15:15,0.158034006,0.86126314,FALSE,,,,,,0.119729483,0.05862305
2011/7/13 16:15,0.140938438,0.818969842,FALSE,,,,,,0.102549907,0.054012969
2011/7/13 17:15,0.1501858,0.781863719,FALSE,,,,,,0.111842711,0.049968304
2011/7/13 18:15,0.132851669,0.754097953,FALSE,,,,,,0.094423399,0.046941762
2011/7/13 19:15,0.138365938,0.734934125,FALSE,,,,,,0.099964766,0.044852855
2011/7/13 20:15,0.151510283,0.69054098,FALSE,,,,,,0.113173702,0.040013885
2011/7/13 21:15,0.15933727,0.729830699,FALSE,,,,,,0.121039151,0.044296568
2011/7/13 22:15,0.121835268,0.750014463,FALSE,,,,,,0.083352864,0.046496651
2011/7/13 23:15,0.145459796,0.788613598,FALSE,,,,,,0.107093483,0.050704059
2011/7/14 0:15,0.131162562,0.5993715,FALSE,,,,,,0.092725992,0.030076171
2011/7/14 1:15,0.120149254,0.618132011,FALSE,,,,,,0.081658564,0.032121116
2011/7/14 2:15,0.104272494,0.492632136,FALSE,,,,,,0.065703786,0.018441299
2011/7/14 3:15,0.098211936,0.433984949,FALSE,,,,,,0.059613446,0.012048601
2011/7/14 4:15,0.096927203,0.401924624,FALSE,,,,,,0.0583224,0.008553941
2011/7/14 5:15,0.097799401,0.391060382,FALSE,,,,,,0.059198884,0.00736971
2011/7/14 6:15,0.094274194,0.394108267,FALSE,,,,,,0.055656354,0.007701937
2011/7/14 7:15,0.137114351,0.41487089,FALSE,,,,,,0.098707028,0.009965118
2011/7/14 8:15,0.110455342,0.459231968,FALSE,,,,,,0.071917016,0.014800593
2011/7/14 9:15,0.132583201,0.554594329,FALSE,,,,,,0.094153612,0.025195341
2011/7/14 10:15,0.905384615,0.586447434,TRUE,,,,,,0.870752595,0.028667414
2011/7/14 11:15,0.92902439,0.774360121,TRUE,,,,,,0.894508537,0.049150392
2011/7/14 12:15,0.080628743,1.091742003,FALSE,,,,,,0.041943848,0.083745854
2011/7/14 13:15,0.234353982,1.0221711,FALSE,,,,,,0.196424498,0.076162442
2011/7/14 14:15,0.21949848,0.927402784,FALSE,,,,,,0.181495995,0.065832446
2011/7/14 15:15,0.109202454,0.758385916,FALSE,,,,,,0.070657971,0.047409162
2011/7/14 16:15,0.141498258,0.628370276,FALSE,,,,,,0.103112478,0.033237114
2011/7/14 17:15,0.140991957,0.620875294,FALSE,,,,,,0.102603689,0.032420141
2011/7/14 18:15,0.109823451,0.599521387,FALSE,,,,,,0.07128202,0.030092509
2011/7/14 19:15,0.105365854,0.571684647,FALSE,,,,,,0.066802518,0.027058231
2011/7/14 20:15,0.115941305,0.553937947,FALSE,,,,,,0.077429937,0.025123794
2011/7/14 21:15,0.100774411,0.58330004,FALSE,,,,,,0.062188513,0.02832434
2011/7/14 22:15,0.117302552,0.547949871,FALSE,,,,,,0.078797874,0.024471078
2011/7/14 23:15,0.091427115,0.584078029,FALSE,,,,,,0.052795284,0.028409142
2011/7/15 0:15,0.099976394,0.470730437,FALSE,,,,,,0.061386574,0.016053956
2011/7/15 1:15,0.124200436,0.613684757,FALSE,,,,,,0.085729654,0.031636354
2011/7/15 2:15,0.106020898,0.50007526,FALSE,,,,,,0.067460781,0.019252619
2011/7/15 3:15,0.102823154,0.465845308,FALSE,,,,,,0.064247323,0.015521464
2011/7/15 4:15,0.099145112,0.410242363,FALSE,,,,,,0.060551207,0.009460596
2011/7/15 5:15,0.093892026,0.387587791,FALSE,,,,,,0.055272308,0.006991188
2011/7/15 6:15,0.111951376,0.424290112,FALSE,,,,,,0.073420402,0.010991838
2011/7/15 7:15,0.097551645,0.419710943,FALSE,,,,,,0.05894991,0.010492697
2011/7/15 8:15,0.113910293,0.490660629,FALSE,,,,,,0.075388945,0.018226399
2011/7/15 9:15,0.13458897,0.579498461,FALSE,,,,,,0.096169238,0.027909957
2011/7/15 10:15,0.146608863,0.629326673,FALSE,,,,,,0.108248197,0.033341364
2011/7/15 11:15,0.156511628,0.678068563,FALSE,,,,,,0.118199624,0.038654358
2011/7/15 12:15,0.214654088,0.927533869,FALSE,,,,,,0.176627798,0.065846735
2011/7/15 13:15,0.224078014,0.999694138,FALSE,,,,,,0.186098033,0.073712394
2011/7/15 14:15,0.154351648,0.666268215,FALSE,,,,,,0.11602903,0.037368089
2011/7/15 15:15,0.109958869,0.697556091,FALSE,,,,,,0.071418104,0.04077855
2011/7/15 16:15,0.13731068,0.641203793,FALSE,,,,,,0.098904322,0.034636001
2011/7/15 17:15,0.109104736,0.633427319,FALSE,,,,,,0.070559773,0.033788345
2011/7/15 18:15,0.09828088,0.582036667,FALSE,,,,,,0.059682729,0.028186629
2011/7/15 19:15,0.117545524,0.563113819,FALSE,,,,,,0.07904204,0.026123988
2011/7/15 20:15,0.088991166,0.526980163,FALSE,,,,,,0.050347365,0.022185324
2011/7/15 21:15,0.112899045,0.528277918,FALSE,,,,,,0.074372728,0.022326783
2011/7/15 22:15,0.101403391,0.475220574,FALSE,,,,,,0.062820584,0.016543393
2011/7/15 23:15,0.066803089,0.447709442,FALSE,,,,,,0.028050255,0.013544607
2011/7/16 0:15,0.121771654,0.573151034,FALSE,,,,,,0.083288937,0.027218071
2011/7/16 1:15,0.131725859,0.66052051,FALSE,,,,,,0.093292057,0.036741574
2011/7/16 2:15,0.133956784,0.653658941,FALSE,,,,,,0.095533945,0.035993645
2011/7/16 3:15,0.117522584,0.540054696,FALSE,,,,,,0.079018987,0.023610483
2011/7/16 4:15,0.112670327,0.515772971,FALSE,,,,,,0.074142886,0.020963711
2011/7/16 5:15,0.097286094,0.429273998,FALSE,,,,,,0.058683054,0.011535095
2011/7/16 6:15,0.098024565,0.407590018,FALSE,,,,,,0.059425154,0.009171484
2011/7/16 7:15,0.09190034,0.421466054,FALSE,,,,,,0.053270834,0.010684008
2011/7/16 8:15,0.116577802,0.530038045,FALSE,,,,,,0.078069562,0.022518642
2011/7/16 9:15,0.128799102,0.579303382,FALSE,,,,,,0.090350918,0.027888693
2011/7/16 10:15,0.16840708,0.770295651,FALSE,,,,,,0.130153531,0.048707354
2011/7/16 11:15,0.182575758,0.808551184,FALSE,,,,,,0.144391834,0.052877308
2011/7/16 12:15,0.189291339,0.841766168,FALSE,,,,,,0.151140416,0.056497829
2011/7/16 13:15,0.238120393,1.143978517,FALSE,,,,,,0.200209417,0.089439772
2011/7/16 14:15,0.115591182,0.693110948,FALSE,,,,,,0.077078094,0.040294018
2011/7/16 15:15,0.107126168,0.765183723,FALSE,,,,,,0.068571483,0.048150141
2011/7/16 16:15,0.141284297,0.679417321,FALSE,,,,,,0.102897466,0.038801377
2011/7/16 17:15,0.094659448,0.599942,FALSE,,,,,,0.056043501,0.030138357
2011/7/16 18:15,0.094236641,0.577088264,FALSE,,,,,,0.055618616,0.02764724
2011/7/16 19:15,0.127298161,0.612292762,FALSE,,,,,,0.088842601,0.031484623
2011/7/16 22:15,0.102792037,0.554915457,FALSE,,,,,,0.064216054,0.025230345
2011/7/16 23:15,0.113004797,0.558064606,FALSE,,,,,,0.074478999,0.025573611
2011/7/17 0:15,0.077111331,0.551861185,FALSE,,,,,,0.038409152,0.024897421
2011/7/17 1:15,0.120816471,0.61407608,FALSE,,,,,,0.08232906,0.031679009
2011/7/17 2:15,0.122554901,0.614105011,FALSE,,,,,,0.084076033,0.031682163
2011/7/17 3:15,0.114484643,3.911545697,FALSE,,,,,,0.075966117,0.391111892
2011/7/17 4:15,0.114307578,0.522471251,FALSE,,,,,,0.075788182,0.021693841
2011/7/17 5:15,0.099375418,0.448037685,FALSE,,,,,,0.060782645,0.013580386
2011/7/17 6:15,0.099213256,0.422634978,FALSE,,,,,,0.060619686,0.010811424
2011/7/17 7:15,0.098690519,0.449383287,FALSE,,,,,,0.060094381,0.01372706
2011/7/17 8:15,0.135389091,0.486851912,FALSE,,,,,,0.09697329,0.017811239
2011/7/17 9:15,0.121842386,0.553550347,FALSE,,,,,,0.083360016,0.025081545
2011/7/17 10:15,0.167322515,0.751857084,FALSE,,,,,,0.129063636,0.046697502
2011/7/17 11:15,0.17,0.752667091,FALSE,,,,,,0.131754278,0.046785795
2011/7/17 12:15,0.183907563,0.929141547,FALSE,,,,,,0.145730184,0.066021976
2011/7/17 13:15,0.13260223,1.208476615,FALSE,,,,,,0.094172735,0.096470235
2011/7/17 14:15,0.161038576,0.779651764,FALSE,,,,,,0.122748818,0.049727195
2011/7/17 15:15,0.177995803,0.842350417,FALSE,,,,,,0.139789373,0.056561514
2011/7/17 16:15,0.095251976,0.660812279,FALSE,,,,,,0.05663894,0.036773378
2011/7/17 17:15,0.127944685,0.604369143,FALSE,,,,,,0.089492302,0.030620927
2011/7/17 18:15,0.085472335,0.545339088,FALSE,,,,,,0.046811242,0.024186496
2011/7/17 19:15,0.11407227,0.55353396,FALSE,,,,,,0.075551718,0.025079758
2011/7/17 20:15,0.113168661,0.548774325,FALSE,,,,,,0.074643669,0.024560946
2011/7/17 21:15,0.135947019,0.538358083,FALSE,,,,,,0.09753396,0.023425548
2011/7/17 22:15,0.108656489,0.536441786,FALSE,,,,,,0.070109324,0.023216666
2011/7/17 23:15,0.10009434,0.534592977,FALSE,,,,,,0.0615051,0.023015141
2011/7/18 0:15,0.075057252,0.512258339,FALSE,,,,,,0.036344979,0.020580607
2011/7/18 1:15,0.113049555,0.566221757,FALSE,,,,,,0.074523977,0.026462762
2011/7/18 2:15,0.108682864,0.522523409,FALSE,,,,,,0.070135828,0.021699526
2011/7/18 3:15,0.107530656,0.471140262,FALSE,,,,,,0.068977958,0.016098628
2011/7/18 4:15,0.09800181,0.427749227,FALSE,,,,,,0.059402287,0.011368891
2011/7/18 5:15,0.092440825,0.389042223,FALSE,,,,,,0.053813975,0.007149725
2011/7/18 6:15,0.097602471,0.383151728,FALSE,,,,,,0.059000986,0.006507646
2011/7/18 7:15,0.100740474,0.431656006,FALSE,,,,,,0.062154409,0.01179474
2011/7/18 8:15,0.141909247,0.4507898,FALSE,,,,,,0.103525487,0.013880374
2011/7/18 9:15,0.737960442,0.579229369,FALSE,,,,,,0.702505695,0.027880626
2011/7/18 10:15,0.143549107,0.61955684,FALSE,,,,,,0.105173405,0.032276426
2011/7/18 11:15,0.169227941,0.723378175,FALSE,,,,,,0.130978426,0.043593226
2011/7/18 12:15,0.243670412,1.015024104,FALSE,,,,,,0.205786709,0.075383401
2011/7/18 13:15,0.189020501,0.846268383,FALSE,,,,,,0.150868247,0.056988582
2011/7/18 14:15,0.105336991,0.839328088,FALSE,,,,,,0.066773513,0.056232072
2011/7/18 15:15,0.16552563,0.725356644,FALSE,,,,,,0.127257921,0.043808884
2011/7/18 16:15,0.115012,0.724121952,FALSE,,,,,,0.076496066,0.043674299
2011/7/18 17:15,0.146530892,0.651006084,FALSE,,,,,,0.108169843,0.035704477
2011/7/18 18:15,0.101555816,0.602683656,FALSE,,,,,,0.062973758,0.030437205
2011/7/18 19:15,0.10136918,3.98507904,FALSE,,,,,,0.062786205,0.39912722
2011/7/18 20:15,0.121463661,0.562953514,FALSE,,,,,,0.08297943,0.026106515
2011/7/18 21:15,0.111030522,0.515027144,FALSE,,,,,,0.072495023,0.020882414
2011/7/18 22:15,0.085186304,0.515684201,FALSE,,,,,,0.046523805,0.020954035
2011/7/18 23:15,0.103551431,0.520976592,FALSE,,,,,,0.064979179,0.021530919
2011/7/19 0:15,0.09292019,0.44398061,FALSE,,,,,,0.054295696,0.013138154
2011/7/19 1:15,0.122923862,0.616688653,FALSE,,,,,,0.084446807,0.031963786
2011/7/19 2:15,0.114818886,0.543115927,FALSE,,,,,,0.076302003,0.023944165
2011/7/19 3:15,0.103286152,0.453472535,FALSE,,,,,,0.064712597,0.014172799
2011/7/19 4:15,0.103655891,0.42156878,FALSE,,,,,,0.065084153,0.010695206
2011/7/19 5:15,0.085764367,2.065772563,TRUE,,,,,,0.047104709,0.189917753
2011/7/19 6:15,0.089565217,0.338454739,FALSE,,,,,,0.050924237,0.001635556
2011/7/19 7:15,0.096072319,0.410903748,FALSE,,,,,,0.057463315,0.009532689
2011/7/19 8:15,0.427231061,7.447593729,FALSE,,,,,,0.39024938,0.776550451
2011/7/19 9:15,0.134073034,0.559134998,FALSE,,,,,,0.095650766,0.025690286
2011/7/19 10:15,0.172838542,0.719621811,FALSE,,,,,,0.134606769,0.043183772
2011/7/19 11:15,0.188893617,0.767196682,FALSE,,,,,,0.150740739,0.048369558
2011/7/19 12:15,0.214960938,0.942294521,FALSE,,,,,,0.176936156,0.067455685
2011/7/19 13:15,0.086119266,1.003238321,FALSE,,,,,,0.047461352,0.074098719
2011/7/19 14:15,0.196617647,0.862942524,FALSE,,,,,,0.158502725,0.058806108
2011/7/19 15:15,0.166262266,0.73383731,FALSE,,,,,,0.127998177,0.044733299
2011/7/19 16:15,0.111147059,0.625142679,FALSE,,,,,,0.072612132,0.032885298
2011/7/19 17:15,0.072545355,0.509370235,FALSE,,,,,,0.033820738,0.020265796
2011/7/19 18:15,0.121498605,0.539305965,FALSE,,,,,,0.083014546,0.023528869
2011/7/19 19:15,0.084813097,0.506445432,FALSE,,,,,,0.046148764,0.019946985
2011/7/19 20:15,0.111433962,0.488141029,FALSE,,,,,,0.072900445,0.017951756
2011/7/19 21:15,0.056693862,0.436814157,FALSE,,,,,,0.017891351,0.012356992
2011/7/19 22:15,0.102495906,0.476351403,FALSE,,,,,,0.063918467,0.016666656
2011/7/19 23:15,0.098013629,0.457919393,FALSE,,,,,,0.059414164,0.014657518
2011/7/20 0:15,0.071674641,0.429580108,FALSE,,,,,,0.032945746,0.011568462
2011/7/20 1:15,0.11152,0.564498168,FALSE,,,,,,0.072986906,0.026274886
2011/7/20 2:15,0.107303371,0.509544563,FALSE,,,,,,0.068749556,0.020284798
2011/7/20 3:15,0.105507749,0.463203969,FALSE,,,,,,0.066945111,0.015233551
2011/7/20 4:15,0.097919753,0.407072031,FALSE,,,,,,0.059319827,0.009115022
2011/7/20 5:15,0.088651637,0.358862801,FALSE,,,,,,0.050006167,0.003860089
2011/7/20 6:15,0.099558778,0.373697237,FALSE,,,,,,0.060966906,0.005477081
2011/7/20 7:15,0.102501797,0.439205008,FALSE,,,,,,0.063924387,0.012617601
2011/7/20 8:15,0.097511503,0.415318662,FALSE,,,,,,0.058909571,0.010013926
2011/7/20 9:15,0.128932039,0.54267684,FALSE,,,,,,0.090484508,0.023896304
2011/7/20 10:15,0.989074074,0.57583664,TRUE,,,,,,0.954853307,0.027510809
2011/7/20 11:15,1.034,0.69375021,TRUE,,,,,,1,0.040363699
2011/7/20 12:15,0.072019584,0.958649679,FALSE,,,,,,0.033292384,0.06923844
2011/7/20 13:15,0.224376528,0.978838236,FALSE,,,,,,0.186398014,0.071439046
2011/7/20 14:15,0.168371501,0.847355615,FALSE,,,,,,0.130117777,0.057107093
2011/7/20 15:15,0.150963749,0.66228094,FALSE,,,,,,0.112624483,0.036933466
2011/7/20 16:15,0.097250662,0.583318113,FALSE,,,,,,0.058647448,0.02832631
2011/7/20 17:15,0.092812387,0.533766852,FALSE,,,,,,0.054187363,0.022925091
2011/7/20 18:15,0.120405991,0.534896915,FALSE,,,,,,0.081916563,0.023048271
2011/7/20 19:15,0.083370511,0.494445215,FALSE,,,,,,0.04469909,0.018638929
2011/7/20 20:15,0.104474855,0.472729581,FALSE,,,,,,0.065907141,0.016271868
2011/7/20 21:15,0.087989747,0.480673062,FALSE,,,,,,0.049341025,0.017137728
2011/7/20 22:15,0.090747126,0.423097535,FALSE,,,,,,0.052111953,0.010861844
2011/7/20 23:15,0.683145446,0.486307655,TRUE,,,,,,0.647421336,0.017751914
2011/7/21 0:15,0.05183665,0.422066414,FALSE,,,,,,0.01301027,0.010749449
2011/7/21 1:15,0.105611555,0.519997337,FALSE,,,,,,0.067049427,0.021424178
2011/7/21 2:15,0.10656503,0.503462396,FALSE,,,,,,0.068007587,0.019621826
2011/7/21 3:15,0.096809311,0.443251379,FALSE,,,,,,0.058203928,0.013058666
2011/7/21 4:15,0.090921162,0.384122852,FALSE,,,,,,0.052286845,0.006613501
2011/7/21 5:15,0.092284813,0.362461724,FALSE,,,,,,0.053657197,0.004252381
2011/7/21 6:15,0.094556636,0.362696177,FALSE,,,,,,0.055940183,0.004277937
2011/7/21 7:15,0.091122919,0.382357225,FALSE,,,,,,0.052489593,0.006421043
2011/7/21 8:15,0.095775536,0.409054677,FALSE,,,,,,0.057165073,0.009331136
2011/7/21 9:15,0.124945205,0.529625586,FALSE,,,,,,0.086478083,0.022473683
2011/7/21 10:15,0.135218579,0.575244383,FALSE,,,,,,0.09680194,0.027446252
2011/7/21 11:15,0.137637795,0.5888,FALSE,,,,,,0.099233045,0.02892385
2011/7/21 12:15,0.140516304,0.847774408,FALSE,,,,,,0.102125699,0.057152743
2011/7/21 13:15,0.180166271,0.791340636,FALSE,,,,,,0.141970507,0.051001313
2011/7/21 14:15,0.19986631,0.896465706,FALSE,,,,,,0.161767352,0.062460223
2011/7/21 15:15,0.101,0.66523097,FALSE,,,,,,0.06241521,0.037255027
2011/7/21 16:15,0.127293785,0.593758565,FALSE,,,,,,0.088838204,0.029464346
2011/7/21 17:15,0.095936225,0.569387656,FALSE,,,,,,0.057326552,0.026807853
2011/7/21 18:15,0.142176871,0.634304011,FALSE,,,,,,0.103794426,0.033883907
2011/7/21 22:15,0.093348036,0.486431018,FALSE,,,,,,0.054725644,0.017765361
2011/7/22 0:15,0.078025452,0.422591891,FALSE,,,,,,0.039327765,0.010806728
2011/7/22 1:15,0.097572376,0.486913311,FALSE,,,,,,0.058970743,0.017817932
2011/7/22 2:15,0.095179325,0.467356764,FALSE,,,,,,0.056565932,0.015686217
2011/7/22 3:15,0.093687661,0.434363029,FALSE,,,,,,0.055066938,0.012089813
2011/7/22 4:15,0.086552252,0.386714049,FALSE,,,,,,0.047896466,0.006895948
2011/7/22 5:15,0.08980807,0.369504587,FALSE,,,,,,0.051168283,0.005020071
2011/7/22 6:15,0.099609644,0.397595455,FALSE,,,,,,0.061018022,0.00808205
2011/7/22 7:15,0.111351351,0.410352633,FALSE,,,,,,0.072817428,0.009472616
2011/7/22 8:15,0.098094924,0.423393177,FALSE,,,,,,0.059495859,0.01089407
2011/7/22 9:15,0.113950495,0.491140775,FALSE,,,,,,0.075429344,0.018278737
2011/7/22 10:15,0.107567568,0.468621217,FALSE,,,,,,0.069015052,0.015824045
2011/7/22 11:15,0.134044944,0.580554114,FALSE,,,,,,0.095622538,0.028025026
2011/7/22 12:15,0.192386364,0.833853226,FALSE,,,,,,0.15425065,0.055635297
2011/7/22 13:15,0.198952381,0.896172285,FALSE,,,,,,0.160848932,0.062428239
2011/7/22 14:15,0.117111732,0.767720789,FALSE,,,,,,0.078606116,0.048426687
2011/7/22 15:15,0.124281392,0.562089893,FALSE,,,,,,0.085811008,0.026012378
2011/7/22 16:15,0.110217262,0.605598264,FALSE,,,,,,0.071677766,0.030754905
2011/7/22 17:15,0.094317829,0.474154729,FALSE,,,,,,0.055700203,0.016427213
2011/7/22 18:15,0.090830514,0.52775499,FALSE,,,,,,0.052195751,0.022269783
2011/7/22 19:15,0.123542435,0.570643559,FALSE,,,,,,0.08506842,0.02694475
2011/7/22 20:15,0.104650177,0.487113275,FALSE,,,,,,0.066083324,0.017839729
2011/7/22 21:15,0.091464947,0.446442695,FALSE,,,,,,0.052833302,0.013406528
2011/7/22 22:15,0.072674917,0.493629595,FALSE,,,,,,0.033950937,0.018550025
2011/7/22 23:15,0.08004717,0.416509433,FALSE,,,,,,0.041359418,0.010143724
2011/7/23 3:15,0.098913043,0.471425611,FALSE,,,,,,0.060317998,0.016129732
2011/7/23 5:15,0.090737542,0.429440714,FALSE,,,,,,0.052102322,0.011553267
2011/7/23 6:15,0.091341209,0.432265331,FALSE,,,,,,0.052708956,0.011861158
2011/7/23 7:15,0.097132142,0.454228292,FALSE,,,,,,0.058528346,0.014255179
2011/7/23 8:15,0.081957494,0.39401794,FALSE,,,,,,0.043279129,0.007692092
2011/7/23 11:15,0.151049822,0.52448935,FALSE,,,,,,0.112710979,0.021913819
2011/7/23 12:15,0.101444109,0.634432982,FALSE,,,,,,0.062861502,0.033897965
2011/7/23 13:15,0.223932203,1.041931185,FALSE,,,,,,0.185951506,0.078316344
2011/7/23 14:15,0.187859375,0.900262074,FALSE,,,,,,0.149701415,0.062874037
2011/7/23 15:15,0.109003601,0.801925327,FALSE,,,,,,0.070458141,0.052155072
2011/7/23 16:15,0.143954984,0.664488563,FALSE,,,,,,0.105581276,0.037174103
2011/7/23 17:15,0.12595706,0.746938916,FALSE,,,,,,0.08749491,0.046161408
2011/7/23 18:15,0.098791968,0.584306106,FALSE,,,,,,0.060196328,0.028434003
2011/7/23 19:15,0.110153005,0.551052096,FALSE,,,,,,0.071613194,0.024809229
2011/7/23 20:15,0.089661062,0.539589028,FALSE,,,,,,0.051020553,0.023559724
2011/7/23 21:15,0.094191578,0.458878228,FALSE,,,,,,0.055573332,0.014762034
2011/7/23 22:15,0.081140783,0.508391976,FALSE,,,,,,0.042458405,0.020159163
2011/7/23 23:15,0.091693234,0.455166496,FALSE,,,,,,0.053062711,0.014357445
2011/7/24 0:15,0.063950535,0.354592054,FALSE,,,,,,0.025183683,0.003394566
2011/7/24 1:15,0.160633112,0.847647604,FALSE,,,,,,0.122341361,0.057138921
2011/7/24 2:15,0.125466444,0.623232871,FALSE,,,,,,0.087001883,0.032677123
2011/7/24 3:15,0.097485294,0.4549255,FALSE,,,,,,0.058883233,0.014331176
2011/7/24 4:15,0.084184846,0.388240283,FALSE,,,,,,0.045517426,0.007062312
2011/7/24 5:15,0.083401492,0.362204838,FALSE,,,,,,0.044730223,0.00422438
2011/7/24 6:15,0.093474876,0.386631813,FALSE,,,,,,0.054853108,0.006886984
2011/7/24 7:15,0.093482255,0.432720462,FALSE,,,,,,0.054860523,0.011910768
2011/7/24 8:15,0.100685786,0.463825889,FALSE,,,,,,0.062099452,0.015301342
2011/7/24 9:15,0.121064163,0.558707231,FALSE,,,,,,0.082577969,0.025643658
2011/7/24 10:15,0.118303797,0.537009159,FALSE,,,,,,0.079804039,0.023278511
2011/7/24 11:15,0.147348485,0.668545698,FALSE,,,,,,0.108991453,0.037616341
2011/7/24 12:15,0.200819672,1.000816993,FALSE,,,,,,0.162725399,0.073834788
2011/7/24 13:15,0.180408805,0.875236468,FALSE,,,,,,0.142214233,0.06014618
2011/7/24 14:15,0.178045455,0.940858278,FALSE,,,,,,0.139839269,0.06729913
2011/7/24 15:15,0.111079545,0.528411702,FALSE,,,,,,0.072544287,0.022341366
2011/7/24 16:15,0.10002113,0.654686781,FALSE,,,,,,0.06143153,0.036105683
2011/7/24 17:15,0.098778795,0.581666157,FALSE,,,,,,0.06018309,0.028146242
2011/7/24 18:15,0.084893617,0.514303732,FALSE,,,,,,0.04622968,0.02080356
2011/7/24 19:15,0.094759239,0.46192898,FALSE,,,,,,0.056143782,0.015094574
2011/7/24 20:15,0.086338995,0.422771997,FALSE,,,,,,0.047682161,0.01082636
2011/7/24 21:15,0.090728269,0.411778295,FALSE,,,,,,0.052093004,0.009628017
2011/7/24 22:15,0.092250639,0.422908419,FALSE,,,,,,0.053622855,0.01084123
2011/7/24 23:15,0.082508711,0.373979374,FALSE,,,,,,0.043833055,0.005507835
2011/7/25 0:15,0.085093973,0.392288088,FALSE,,,,,,0.046431021,0.007503533
2011/7/25 1:15,0.146365663,0.624979174,FALSE,,,,,,0.108003802,0.032867475
2011/7/25 2:15,0.107725211,0.467264498,FALSE,,,,,,0.069173469,0.015676159
2011/7/25 3:15,0.114809228,0.491341991,FALSE,,,,,,0.076292297,0.01830067
2011/7/25 4:15,0.09162498,0.380918382,FALSE,,,,,,0.052994121,0.006264205
2011/7/25 5:15,0.083670396,0.335816771,FALSE,,,,,,0.045000448,0.001348011
2011/7/25 6:15,0.094014742,0.395756969,FALSE,,,,,,0.055395627,0.00788165
2011/7/25 7:15,0.105398262,0.3890685,FALSE,,,,,,0.066835086,0.00715259
2011/7/25 8:15,0.101132673,0.401918936,FALSE,,,,,,0.062548535,0.008553321
2011/7/25 9:15,0.137182176,0.560098032,FALSE,,,,,,0.098775187,0.025795259
2011/7/25 10:15,0.156112469,0.632278381,FALSE,,,,,,0.117798504,0.033663108
2011/7/25 11:15,0.181365462,0.754956702,FALSE,,,,,,0.143175591,0.047035368
2011/7/25 12:15,0.224471545,0.956091142,FALSE,,,,,,0.186493498,0.068959553
2011/7/25 13:15,0.24075067,0.99311016,FALSE,,,,,,0.202852619,0.072994723
2011/7/25 14:15,0.112738288,0.897325447,FALSE,,,,,,0.074211181,0.062553937
2011/7/25 15:15,0.160398887,0.677849823,FALSE,,,,,,0.122105985,0.038630515
2011/7/25 16:15,0.103549803,0.612805052,FALSE,,,,,,0.064977543,0.031540464
2011/7/25 17:15,0.094904751,0.554349758,FALSE,,,,,,0.056290009,0.025168682
2011/7/25 18:15,0.102609009,0.455914447,FALSE,,,,,,0.064032126,0.014438974
2011/7/25 19:15,0.083730769,0.464386331,FALSE,,,,,,0.045061118,0.015362432
2011/7/25 20:15,0.068001002,0.401464712,FALSE,,,,,,0.029254054,0.008503809
2011/7/25 21:15,0.077686567,0.359988588,FALSE,,,,,,0.038987214,0.003982802
2011/7/25 22:15,0.087211015,0.40331585,FALSE,,,,,,0.048558466,0.008705588
2011/7/25 23:15,0.070285554,0.396394253,FALSE,,,,,,0.031549833,0.007951116
2011/7/26 0:15,0.073421053,0.345829294,FALSE,,,,,,0.03470074,0.002439402
2011/7/26 1:15,0.091136428,0.458796101,FALSE,,,,,,0.052503168,0.014753082
2011/7/26 2:15,0.101918695,0.478773806,FALSE,,,,,,0.06333842,0.016930704
2011/7/26 3:15,0.088867616,0.398860697,FALSE,,,,,,0.050223207,0.008219965
2011/7/26 4:15,0.105303215,0.448400883,FALSE,,,,,,0.066739572,0.013619976
2011/7/26 5:15,0.078393272,0.323450424,FALSE,,,,,,0.039697392,4.62171E-08
2011/7/26 6:15,0.096659763,0.365505483,FALSE,,,,,,0.058053645,0.004584159
2011/7/26 7:15,0.092061354,0.394108236,FALSE,,,,,,0.05343264,0.007701934
2011/7/26 8:15,0.103034663,0.441997941,FALSE,,,,,,0.064459872,0.012922038
2011/7/26 9:15,0.424340102,4.524900356,TRUE,,,,,,0.387344215,0.457969167
2011/7/26 10:15,0.162175926,0.691827626,FALSE,,,,,,0.123891757,0.040154133
2011/7/26 11:15,0.185836431,0.796475687,FALSE,,,,,,0.14766853,0.051561047
2011/7/26 12:15,0.194464945,0.843537415,FALSE,,,,,,0.156339445,0.0566909
2011/7/26 13:15,0.198159806,0.861174539,FALSE,,,,,,0.160052463,0.058613393
2011/7/26 14:15,0.199710638,0.86726416,FALSE,,,,,,0.161610915,0.059277177
2011/7/26 15:15,0.058067164,0.54114767,FALSE,,,,,,0.019271401,0.02372962
2011/7/26 16:15,0.143149576,0.620446859,FALSE,,,,,,0.104771911,0.032373441
2011/7/26 17:15,0.091696339,0.525748139,FALSE,,,,,,0.053065831,0.022051031
2011/7/26 19:15,0.088594561,0.484852616,FALSE,,,,,,0.049948811,0.017593311
2011/7/26 20:15,0.106783462,0.484225646,FALSE,,,,,,0.068227092,0.017524969
2011/7/26 21:15,0.087258975,0.396638624,FALSE,,,,,,0.048606662,0.007977753
2011/7/26 22:15,0.076246324,0.422340744,FALSE,,,,,,0.037539894,0.010779352
2011/7/26 23:15,0.070599214,0.347862423,FALSE,,,,,,0.031865034,0.002661018
2011/7/27 0:15,0.076313589,0.355651253,FALSE,,,,,,0.03760749,0.003510021
2011/7/27 1:15,0.10203466,0.472819637,FALSE,,,,,,0.063454955,0.016281684
2011/7/27 2:15,0.094281768,0.424650904,FALSE,,,,,,0.055663965,0.011031165
2011/7/27 5:15,0.089762397,0.369590666,FALSE,,,,,,0.051122385,0.005029454
2011/7/27 6:15,0.091277231,0.341975423,FALSE,,,,,,0.052644663,0.00201932
2011/7/27 7:15,0.094895397,0.385071904,FALSE,,,,,,0.056280609,0.00671695
2011/7/27 8:15,0.108143515,0.449638417,FALSE,,,,,,0.069593829,0.01375487
2011/7/27 9:15,0.117656863,0.485024108,FALSE,,,,,,0.079153926,0.017612004
2011/7/27 10:15,0.122840909,0.503880486,FALSE,,,,,,0.084363446,0.019667399
2011/7/27 11:15,0.114534884,0.649875468,FALSE,,,,,,0.076016605,0.035581237
2011/7/27 12:15,0.217460938,0.900444804,FALSE,,,,,,0.179448441,0.062893955
2011/7/27 13:15,0.210926366,0.921812067,FALSE,,,,,,0.172881758,0.065223043
2011/7/27 14:15,0.122508611,0.799267435,FALSE,,,,,,0.084029515,0.051865355
2011/7/27 15:15,0.136781411,0.56690588,FALSE,,,,,,0.098372452,0.026537333
2011/7/27 16:15,0.106670754,0.592411494,FALSE,,,,,,0.068113831,0.029317512
2011/7/27 17:15,0.10484395,0.47610727,FALSE,,,,,,0.06627805,0.016640045
2011/7/27 18:15,0.087039808,0.491887576,FALSE,,,,,,0.048386418,0.01836014
2011/7/27 19:15,0.106177402,0.47507154,FALSE,,,,,,0.067618054,0.016527148
2011/7/27 20:15,0.059934426,0.44728415,FALSE,,,,,,0.021147839,0.013498249
2011/7/27 21:15,0.105376416,0.478995312,FALSE,,,,,,0.066813132,0.016954849
2011/7/27 22:15,0.079939114,0.443169067,FALSE,,,,,,0.041250831,0.013049694
2011/7/27 23:15,0.077317406,0.362373552,FALSE,,,,,,0.038616239,0.00424277
2011/7/28 0:15,0.075838733,0.353371352,FALSE,,,,,,0.0371303,0.003261506
2011/7/28 1:15,0.101383178,0.500298236,FALSE,,,,,,0.062800271,0.019276924
2011/7/28 2:15,0.097676463,0.453735304,FALSE,,,,,,0.059075341,0.014201442
2011/7/28 3:15,0.098829517,0.444910789,FALSE,,,,,,0.060234062,0.013239546
2011/7/28 4:15,0.090973162,0.388427935,FALSE,,,,,,0.0523391,0.007082766
2011/7/28 5:15,0.081816552,0.336372101,FALSE,,,,,,0.043137494,0.001408543
2011/7/28 6:15,0.083047767,0.356857601,FALSE,,,,,,0.04437476,0.003641517
2011/7/28 7:15,0.167090395,0.501170669,FALSE,,,,,,0.128830376,0.019372022
2011/7/28 8:15,0.098741355,0.41921064,FALSE,,,,,,0.060145466,0.010438162
2011/7/28 9:15,0.141718882,0.606202191,FALSE,,,,,,0.103334186,0.030820734
2011/7/28 10:15,0.038898848,0.612685288,FALSE,,,,,,8.89148E-06,0.031527409
2011/7/28 11:15,0.21362963,0.849234393,FALSE,,,,,,0.175598306,0.057311885
2011/7/28 12:15,0.23908642,1.193781438,FALSE,,,,,,0.201180191,0.094868422
2011/7/28 13:15,0.156823529,0.693728858,FALSE,,,,,,0.118513058,0.040361372
2011/7/28 14:15,0.190647773,0.830594474,FALSE,,,,,,0.152503515,0.055280085
2011/7/28 15:15,0.096631226,0.642496763,FALSE,,,,,,0.058024968,0.034776938
2011/7/28 16:15,0.096322906,0.549461019,FALSE,,,,,,0.057715133,0.024635797
2011/7/28 17:15,0.105487907,0.471706206,FALSE,,,,,,0.066925171,0.016160317
2011/7/28 18:15,0.082439651,0.523558103,FALSE,,,,,,0.043763655,0.021812311
2011/7/28 19:15,0.097962844,0.460153344,FALSE,,,,,,0.05936313,0.014901025
2011/7/28 20:15,0.081102401,0.484955908,FALSE,,,,,,0.042419834,0.01760457
2011/7/28 21:15,0.084504315,0.515769796,FALSE,,,,,,0.045838465,0.020963365
2011/7/28 22:15,0.071839002,0.448284108,FALSE,,,,,,0.033110914,0.013607247
2011/7/28 23:15,0.08211758,0.430648577,FALSE,,,,,,0.043440002,0.011684928
2011/7/29 0:15,0.063784961,0.428464731,FALSE,,,,,,0.025017296,0.011446883
2011/7/29 1:15,0.090295962,0.503834635,FALSE,,,,,,0.051658572,0.019662401
2011/7/29 2:15,0.088979231,0.489083903,FALSE,,,,,,0.050335371,0.018054532
2011/7/29 3:15,0.72305936,0.43042492,FALSE,,,,,,0.687531388,0.011660548
2011/7/29 4:15,0.084815676,0.421459721,FALSE,,,,,,0.046151356,0.010683318
2011/7/29 5:15,0.082030546,0.381823617,FALSE,,,,,,0.04335254,0.006362878
2011/7/29 6:15,0.090395798,0.414216287,FALSE,,,,,,0.051758899,0.009893765
2011/7/29 7:15,0.084930303,0.429408845,FALSE,,,,,,0.046266546,0.011549793
2011/7/29 8:15,0.1085,0.5361575,FALSE,,,,,,0.069952066,0.023185678
2011/7/29 9:15,0.154952381,0.723053267,FALSE,,,,,,0.116632715,0.04355781
2011/7/29 10:15,0.166717557,0.796266589,FALSE,,,,,,0.128455705,0.051538255
2011/7/29 11:15,0.220575221,1.034983909,FALSE,,,,,,0.182578028,0.077559072
2011/7/29 12:15,0.225911111,1.100716776,FALSE,,,,,,0.187940138,0.084724128
2011/7/29 13:15,0.076418401,0.980824922,FALSE,,,,,,0.037712817,0.0716556
2011/7/29 14:15,0.181203209,1.002104661,FALSE,,,,,,0.14301254,0.073975148
2011/7/29 15:15,0.064442251,0.734911682,FALSE,,,,,,0.025677816,0.044850408
2011/7/29 16:15,0.115680525,0.756412898,FALSE,,,,,,0.077167876,0.047194098
2011/7/29 17:15,0.104240283,0.598171016,FALSE,,,,,,0.065671416,0.029945315
2011/7/29 18:15,0.089596224,0.673976029,FALSE,,,,,,0.050955396,0.038208261
2011/7/29 19:15,0.126490486,0.649754021,FALSE,,,,,,0.088030957,0.035567999
2011/7/29 20:15,0.086243675,0.592631427,FALSE,,,,,,0.047586372,0.029341485
2011/7/29 21:15,0.092191982,0.659914914,FALSE,,,,,,0.05356391,0.036675563
2011/7/29 22:15,0.086221498,0.62658138,FALSE,,,,,,0.047564086,0.03304212
2011/7/29 23:15,0.073126751,0.578915127,FALSE,,,,,,0.034404991,0.027846372
2011/7/30 0:15,0.078568207,0.608687045,FALSE,,,,,,0.039873187,0.03109159
2011/7/30 1:15,0.099371189,0.670799943,FALSE,,,,,,0.060778395,0.03786206
2011/7/30 2:15,0.091932304,0.640060586,FALSE,,,,,,0.053302955,0.034511389
2011/7/30 3:15,0.101687937,0.659653508,FALSE,,,,,,0.063106528,0.036647069
2011/7/30 4:15,0.075902965,0.475267844,FALSE,,,,,,0.037194848,0.016548545
2011/7/30 5:15,0.08873105,0.512949517,FALSE,,,,,,0.05008597,0.020655947
2011/7/30 6:15,0.090671827,0.524415858,FALSE,,,,,,0.052036284,0.021905808
2011/7/30 7:15,0.095120982,0.5740658,FALSE,,,,,,0.056507303,0.027317783
2011/7/30 8:15,0.099633264,0.568731977,FALSE,,,,,,0.061041758,0.026736382
2011/7/30 9:15,0.131973225,0.64447268,FALSE,,,,,,0.093540639,0.034992319
2011/7/30 10:15,0.085703883,0.559871884,FALSE,,,,,,0.047043928,0.025770609
2011/7/30 11:15,0.148919598,0.969953851,FALSE,,,,,,0.110570287,0.070470624
2011/7/30 12:15,0.168258929,1.071408267,FALSE,,,,,,0.130004652,0.081529423
2011/7/30 13:15,0.159104478,1.030969933,FALSE,,,,,,0.120805216,0.077121538
2011/7/30 14:15,0.145816227,0.937015145,FALSE,,,,,,0.107451666,0.066880219
2011/7/30 15:15,0.100777724,0.819120086,FALSE,,,,,,0.062191842,0.054029346
2011/7/30 16:15,0.105555556,0.683689191,FALSE,,,,,,0.066993153,0.039267022
2011/7/30 17:15,0.081844187,0.535112399,FALSE,,,,,,0.043165265,0.02307176
2011/7/30 20:15,0.087952784,0.576377993,FALSE,,,,,,0.04930388,0.027569818
2011/7/30 21:15,0.084985591,0.553529714,FALSE,,,,,,0.046322106,0.025079295
2011/7/30 22:15,0.068113462,0.523731134,FALSE,,,,,,0.029367067,0.021831172
2011/7/30 23:15,0.077652238,3.967955158,TRUE,,,,,,0.038952717,0.397260672
2011/7/31 0:15,0.06278927,0.439294307,FALSE,,,,,,0.024016712,0.012627335
2011/7/31 1:15,0.099519666,0.64839025,FALSE,,,,,,0.060927602,0.035419344
2011/7/31 2:15,0.092617431,0.581880307,FALSE,,,,,,0.053991449,0.028169585
2011/7/31 4:15,0.089389868,0.529118258,FALSE,,,,,,0.050748026,0.022418382
2011/7/31 5:15,0.084951985,0.485536149,FALSE,,,,,,0.046288335,0.017667818
2011/7/31 6:15,0.987681532,3.500015487,TRUE,,,,,,0.953453922,0.346254014
2011/7/31 7:15,0.095379689,0.51460008,FALSE,,,,,,0.056767281,0.020835863
2011/7/31 8:15,0.090867956,0.533621281,FALSE,,,,,,0.052233377,0.022909224
2011/7/31 9:15,0.117303922,0.682004403,FALSE,,,,,,0.07879925,0.039083375
2011/7/31 10:15,0.108241206,0.630815316,FALSE,,,,,,0.069692,0.03350363
2011/7/31 11:15,0.146772727,0.8514734,FALSE,,,,,,0.108412866,0.057555943
2011/7/31 12:15,0.14162963,1.026613928,FALSE,,,,,,0.103244496,0.076646722
2011/7/31 13:15,0.211604396,1.299377843,FALSE,,,,,,0.17356312,0.106378708
2011/7/31 14:15,0.151838331,0.901679325,FALSE,,,,,,0.113503362,0.063028521
2011/7/31 15:15,0.112491004,0.832724098,FALSE,,,,,,0.073962682,0.05551222
2011/7/31 16:15,0.086547034,0.677929488,FALSE,,,,,,0.047891222,0.038639199
2011/7/31 17:15,0.105751511,0.635344513,FALSE,,,,,,0.06719007,0.033997324
2011/7/31 18:15,0.06434362,0.541728069,FALSE,,,,,,0.0255787,0.023792885
2011/7/31 19:15,0.091658711,0.557364618,FALSE,,,,,,0.053028018,0.02549731
2011/7/31 20:15,0.711850199,0.611843812,FALSE,,,,,,0.676267145,0.031435686
2011/7/31 21:15,0.075002452,0.523288283,FALSE,,,,,,0.03628991,0.0217829
2011/7/31 23:15,0.082303736,0.518364313,FALSE,,,,,,0.043627072,0.021246174
2011/8/1 0:15,0.075629997,0.498728226,FALSE,,,,,,0.036920538,0.019105789
2011/8/1 3:15,0.092036169,0.576555937,FALSE,,,,,,0.053407331,0.027589215
2011/8/1 5:15,0.087958218,0.554290565,FALSE,,,,,,0.049309341,0.02516223
2011/8/1 6:15,0.084518513,0.476010861,FALSE,,,,,,0.045852733,0.016629536
2011/8/1 7:15,0.082997129,0.449696671,FALSE,,,,,,0.044323873,0.01376122
2011/8/1 8:15,0.126870324,0.55174321,FALSE,,,,,,0.088412662,0.024884562
2011/8/1 9:15,0.133337563,0.756095104,FALSE,,,,,,0.094911681,0.047159457
2011/8/1 10:15,0.128338658,0.734396139,FALSE,,,,,,0.089888211,0.044794213
2011/8/1 11:15,0.150143885,0.846458556,FALSE,,,,,,0.11180059,0.057009312
2011/8/1 12:15,0.206345324,1.177557355,FALSE,,,,,,0.168278204,0.093099954
2011/8/1 13:15,0.052459195,0.780463324,FALSE,,,,,,0.013635874,0.049815657
2011/8/1 14:15,0.162529148,1.009419091,FALSE,,,,,,0.124246714,0.07477244
2011/8/1 15:15,0.105396275,0.81969477,FALSE,,,,,,0.066833089,0.054091988
2011/8/1 16:15,0.12736012,0.764223282,FALSE,,,,,,0.088904865,0.04804545
2011/8/1 17:15,0.094315841,0.663092201,FALSE,,,,,,0.055698205,0.037021895
2011/8/1 18:15,0.095773166,0.653564393,FALSE,,,,,,0.057162692,0.035983339
2011/8/1 20:15,0.08470868,0.577674185,FALSE,,,,,,0.046043834,0.027711106
2011/8/1 21:15,0.08888055,0.544883633,FALSE,,,,,,0.050236205,0.02413685
2011/8/1 23:15,0.076338124,0.53175133,FALSE,,,,,,0.037632145,0.022705394
2011/8/2 0:15,0.06993746,0.574685146,FALSE,,,,,,0.031200028,0.027385293
2011/8/2 1:15,0.098935185,0.635687697,FALSE,,,,,,0.060340249,0.034034732
2011/8/2 2:15,0.091294158,0.588530262,FALSE,,,,,,0.052661674,0.028894448
2011/8/2 3:15,0.078542341,0.466300751,FALSE,,,,,,0.039847194,0.015571109
2011/8/2 5:15,0.077118594,0.426776143,FALSE,,,,,,0.03841645,0.011262822
2011/8/2 6:15,0.082936867,0.431905268,FALSE,,,,,,0.044263315,0.01182191
2011/8/2 7:15,0.085068255,0.486788508,FALSE,,,,,,0.046405176,0.017804328
2011/8/2 8:15,0.12412,0.520916022,FALSE,,,,,,0.085648823,0.021524317
2011/8/2 9:15,0.112666139,0.631112923,FALSE,,,,,,0.074138677,0.03353607
2011/8/2 10:15,0.14349486,0.787905664,FALSE,,,,,,0.105118891,0.050626892
2011/8/2 11:15,0.220786802,1.151011551,FALSE,,,,,,0.182790648,0.090206391
2011/8/2 12:15,0.126043724,1.404712503,FALSE,,,,,,0.087582,0.117860464
2011/8/2 13:15,0.163060109,0.919172006,FALSE,,,,,,0.124780285,0.064935269
2011/8/2 14:15,0.16683224,0.93028968,FALSE,,,,,,0.128570952,0.066147125
2011/8/2 15:15,0.130156294,0.911233169,FALSE,,,,,,0.091714779,0.064069915
2011/8/2 16:15,0.098418039,0.562151952,FALSE,,,,,,0.059820562,0.026019142
2011/8/2 18:15,0.088755375,0.645033039,FALSE,,,,,,0.050110415,0.035053399
2011/8/2 19:15,0.097025521,0.648685752,FALSE,,,,,,0.058421201,0.035451555
2011/8/2 20:15,0.091652502,0.541655157,FALSE,,,,,,0.053021778,0.023784937
2011/8/2 21:15,0.08440955,0.629047799,FALSE,,,,,,0.045743234,0.033310966
2011/8/2 22:15,0.116122819,0.700487383,FALSE,,,,,,0.077612343,0.041098069
2011/8/2 23:15,0.07688025,0.533791225,FALSE,,,,,,0.038176935,0.022927748
2011/8/3 0:15,0.04184439,0.440444722,FALSE,,,,,,0.002968908,0.012752733
2011/8/3 1:15,0.109948207,0.719683931,FALSE,,,,,,0.071407389,0.043190543
2011/8/3 2:15,0.1159,0.710997941,FALSE,,,,,,0.077388429,0.042243747
2011/8/3 3:15,0.094507454,0.594979361,FALSE,,,,,,0.05589076,0.029597416
2011/8/3 4:15,0.077552706,0.449055479,FALSE,,,,,,0.038852696,0.013691328
2011/8/3 5:15,0.086543088,0.477755007,FALSE,,,,,,0.047887257,0.016819653
2011/8/3 6:15,0.093257813,0.503697984,FALSE,,,,,,0.054634978,0.019647506
2011/8/3 7:15,0.101907954,0.600102091,FALSE,,,,,,0.063327626,0.030155807
2011/8/3 8:15,0.110943544,0.561552933,FALSE,,,,,,0.072407617,0.025953848
2011/8/3 9:15,0.137595945,0.79419878,FALSE,,,,,,0.099190989,0.051312858
2011/8/3 10:15,0.136693548,0.785667934,FALSE,,,,,,0.098284158,0.050382974
2011/8/3 11:15,0.197251586,1.139820414,FALSE,,,,,,0.15913978,0.088986528
2011/8/3 12:15,0.208998483,1.191034167,FALSE,,,,,,0.170944401,0.094568962
2011/8/3 13:15,0.207381275,1.178520758,FALSE,,,,,,0.169319246,0.093204967
2011/8/3 14:15,0.113402226,0.750044689,FALSE,,,,,,0.074878381,0.046499946
2011/8/3 15:15,0.099839817,0.817874389,FALSE,,,,,,0.061249326,0.053893562
2011/8/3 17:15,0.126258952,0.7227432,FALSE,,,,,,0.087798286,0.043524012
2011/8/3 18:15,0.084755828,0.584243911,FALSE,,,,,,0.046091214,0.028427224
2011/8/3 19:15,0.10722792,0.626907189,FALSE,,,,,,0.068673735,0.033077634
2011/8/3 20:15,0.099443981,0.583636954,FALSE,,,,,,0.060851545,0.028361064
2011/8/3 21:15,0.104109318,0.638105502,FALSE,,,,,,0.065539808,0.034298279
2011/8/3 22:15,0.124832317,0.553943354,FALSE,,,,,,0.08636464,0.025124383
2011/8/3 23:15,0.146319261,0.698302566,FALSE,,,,,,0.107957172,0.040859918
2011/8/4 0:15,0.115334282,0.585952462,FALSE,,,,,,0.076819931,0.028613461
2011/8/4 1:15,0.547034233,0.680807542,TRUE,,,,,,0.510641269,0.038952914
2011/8/4 2:15,0.102111554,0.633855601,FALSE,,,,,,0.063532227,0.033835029
2011/8/4 3:15,0.13260353,0.820624317,FALSE,,,,,,0.094174041,0.054193311
2011/8/4 4:15,0.098781591,0.557292109,FALSE,,,,,,0.0601859,0.025489406
2011/8/4 5:15,0.080447809,0.414704222,FALSE,,,,,,0.041762025,0.009946951
2011/8/4 6:15,0.101264439,0.52518071,FALSE,,,,,,0.062680949,0.021989179
2011/8/4 7:15,0.111465469,0.548682741,FALSE,,,,,,0.072932107,0.024550963
2011/8/4 8:15,0.768769388,0.556389097,FALSE,,,,,,0.733466037,0.025390976
2011/8/4 9:15,0.121553114,0.671852413,FALSE,,,,,,0.083069323,0.037976782
2011/8/4 10:15,0.146382979,0.815993714,FALSE,,,,,,0.108021203,0.053688564
2011/8/4 11:15,0.161002227,0.893970123,FALSE,,,,,,0.12271229,0.062188198
2011/8/4 12:15,0.193961039,1.086642818,FALSE,,,,,,0.155833063,0.08319003
2011/8/4 13:15,0.109614035,1.122986963,FALSE,,,,,,0.071071575,0.087151637
2011/8/4 14:15,0.166972549,0.950053998,FALSE,,,,,,0.12871195,0.068301488
2011/8/4 16:15,0.101497777,0.715950661,FALSE,,,,,,0.062915433,0.042783607
2011/8/4 17:15,0.139286182,0.795825741,FALSE,,,,,,0.100889532,0.051490201
2011/8/4 18:15,0.091172797,0.647634509,FALSE,,,,,,0.052539716,0.035336966
2011/8/4 19:15,0.096254564,0.555697769,FALSE,,,,,,0.057646455,0.025315619
2011/8/4 20:15,0.212868226,1.42072296,FALSE,,,,,,0.17483316,0.119605646
2011/8/4 21:15,0.07968362,0.59226516,FALSE,,,,,,0.040994081,0.029301561
2011/8/4 22:15,0.094949807,0.568243787,FALSE,,,,,,0.056335287,0.026683168
2011/8/4 23:15,0.077497509,0.604767739,FALSE,,,,,,0.038797227,0.030664375
2011/8/5 0:15,0.09016338,0.555048815,FALSE,,,,,,0.051525339,0.025244882
2011/8/5 1:15,0.085674805,0.68640955,FALSE,,,,,,0.047014707,0.039563548
2011/8/5 2:15,0.10251462,0.664502044,FALSE,,,,,,0.063937273,0.037175572
2011/8/5 3:15,0.117256289,0.751783059,FALSE,,,,,,0.078751383,0.046689433
2011/8/5 4:15,0.091900157,0.536707917,FALSE,,,,,,0.05327065,0.023245675
2011/8/5 5:15,0.101946721,0.584625706,FALSE,,,,,,0.063366584,0.028468841
2011/8/5 6:15,0.096696135,0.543533656,FALSE,,,,,,0.058090196,0.023989699
2011/8/5 7:15,0.10300885,0.541778547,FALSE,,,,,,0.064433932,0.023798387
2011/8/5 8:15,0.137623003,0.611421645,FALSE,,,,,,0.09921818,0.031389669
2011/8/5 9:15,0.124791482,0.726964468,FALSE,,,,,,0.086323604,0.043984141
2011/8/5 10:15,0.136975309,0.802952724,FALSE,,,,,,0.098567303,0.052267061
2011/8/5 11:15,0.17704698,1.042097363,FALSE,,,,,,0.138835887,0.078334457
2011/8/5 12:15,0.17965368,1.057944783,FALSE,,,,,,0.141455397,0.080061868
2011/8/5 13:15,0.103424658,1.147590819,FALSE,,,,,,0.064851783,0.089833522
2011/8/5 14:15,0.165123063,0.995947811,FALSE,,,,,,0.126853376,0.073304035
2011/8/5 15:15,0.134172662,0.837924146,FALSE,,,,,,0.095750884,0.056079038
2011/8/5 17:15,0.085442697,0.639849442,FALSE,,,,,,0.046781458,0.034488373
2011/8/5 19:15,0.116336996,0.676064733,FALSE,,,,,,0.077827573,0.038435936
2011/8/5 20:15,0.135585443,0.543911542,FALSE,,,,,,0.097170607,0.024030889
2011/8/5 21:15,0.086148673,0.577292345,FALSE,,,,,,0.047490904,0.027669485
2011/8/5 22:15,0.086655697,0.543720794,FALSE,,,,,,0.048000419,0.024010097
2011/8/5 23:15,0.066193038,0.574428236,FALSE,,,,,,0.027437206,0.027357289
2011/8/6 0:15,0.084335443,0.536694938,FALSE,,,,,,0.045668763,0.023244261
2011/8/6 1:15,0.089933255,0.721242372,FALSE,,,,,,0.051294083,0.043360417
2011/8/6 2:15,0.107290987,0.719180486,FALSE,,,,,,0.068737111,0.043135666
2011/8/6 3:15,0.104648906,0.664986358,FALSE,,,,,,0.066082047,0.037228364
2011/8/6 4:15,0.108005703,0.744137884,FALSE,,,,,,0.06945534,0.045856089
2011/8/6 5:15,0.092611667,0.568417908,FALSE,,,,,,0.053985657,0.026702148
2011/8/6 6:15,0.095225525,0.560745261,FALSE,,,,,,0.056612359,0.025865809
2011/8/6 7:15,0.094944228,0.589784143,FALSE,,,,,,0.05632968,0.029031124
2011/8/6 8:15,0.10942728,0.675166106,FALSE,,,,,,0.070883902,0.038337983
2011/8/6 9:15,0.116218274,0.71392934,FALSE,,,,,,0.077708267,0.042563278
2011/8/6 10:15,0.118654292,0.720525248,FALSE,,,,,,0.080156256,0.043282249
2011/8/6 11:15,0.154555874,0.973101694,FALSE,,,,,,0.11623426,0.070813748
2011/8/6 12:15,0.363333333,5.041099001,TRUE,,,,,,0.326037657,0.51423618
2011/8/6 13:15,0.15815311,1.100765281,FALSE,,,,,,0.119849172,0.084729415
2011/8/6 15:15,0.092726761,0.858281143,FALSE,,,,,,0.054101316,0.058298005
2011/8/6 16:15,0.111918453,0.718258734,FALSE,,,,,,0.073387317,0.043035193
2011/8/6 17:15,0.086956611,0.652482727,FALSE,,,,,,0.048302812,0.035865435
2011/8/6 18:15,0.076243478,0.603126873,FALSE,,,,,,0.037537034,0.030485517
2011/8/6 19:15,0.094087692,0.615980506,FALSE,,,,,,0.055468935,0.031886596
2011/8/6 20:15,0.054974052,0.518617272,FALSE,,,,,,0.01616309,0.021273747
2011/8/6 21:15,0.089416667,0.612084186,FALSE,,,,,,0.050774957,0.031461887
2011/8/6 22:15,0.070564317,0.604101179,FALSE,,,,,,0.031829966,0.030591719
2011/8/6 23:15,0.076889777,0.519409821,FALSE,,,,,,0.038186509,0.021360137
2011/8/7 0:15,0.094332449,0.635188074,FALSE,,,,,,0.055714895,0.033980272
2011/8/7 1:15,0.099364728,0.686081529,FALSE,,,,,,0.060771903,0.039527793
2011/8/7 2:15,0.090573083,0.609118719,FALSE,,,,,,0.051937055,0.031138644
2011/8/7 3:15,0.09028777,0.582622271,FALSE,,,,,,0.05165034,0.028250461
2011/8/7 4:15,0.094578503,0.598422475,FALSE,,,,,,0.055962158,0.029972725
2011/8/7 5:15,0.097720699,0.561157963,FALSE,,,,,,0.059119795,0.025910795
2011/8/7 6:15,0.092988506,0.59335529,FALSE,,,,,,0.054364348,0.029420388
2011/8/7 7:15,0.097932749,0.623050236,FALSE,,,,,,0.059332887,0.032657216
2011/8/7 8:15,0.107065735,0.687373851,FALSE,,,,,,0.068510753,0.039668659
2011/8/7 9:15,0.104861789,0.665167659,FALSE,,,,,,0.066295976,0.037248126
2011/8/7 10:15,0.13307311,0.849833025,FALSE,,,,,,0.094645929,0.057377138
2011/8/7 11:15,0.148134831,0.946772757,FALSE,,,,,,0.109781663,0.067943824
2011/8/7 12:15,0.1556,1.052143506,FALSE,,,,,,0.117283516,0.079429514
2011/8/7 13:15,0.238854167,1.496785143,FALSE,,,,,,0.200946797,0.127896624
2011/8/7 14:15,0.125869191,0.867744079,FALSE,,,,,,0.087406609,0.05932949
2011/8/7 15:15,0.090689842,0.819632697,FALSE,,,,,,0.052054388,0.054085222
2011/8/7 16:15,0.110492611,0.740044211,FALSE,,,,,,0.071954468,0.045409867
2011/8/7 17:15,0.086614833,0.705276179,FALSE,,,,,,0.047959354,0.04162006
2011/8/7 18:15,0.087193322,0.648443555,FALSE,,,,,,0.048540686,0.035425154
2011/8/7 19:15,0.083169312,0.556096042,FALSE,,,,,,0.044496902,0.025359032
2011/8/7 20:15,0.082925159,0.624781662,FALSE,,,,,,0.044251549,0.032845946
2011/8/7 21:15,0.089532306,0.60539256,FALSE,,,,,,0.050891164,0.030732482
2011/8/7 22:15,0.083885967,0.568348885,FALSE,,,,,,0.045217079,0.026694624
2011/8/7 23:15,0.051838235,0.548749163,FALSE,,,,,,0.013011863,0.024558203
2011/8/8 0:15,0.089415703,0.606434622,FALSE,,,,,,0.050773988,0.03084607
2011/8/8 1:15,0.094160146,0.646378234,FALSE,,,,,,0.055541745,0.035200029
2011/8/8 2:15,0.093212608,0.580301699,FALSE,,,,,,0.054589551,0.027997512
2011/8/8 3:15,0.090658208,0.56583625,FALSE,,,,,,0.052022599,0.02642074
2011/8/8 4:15,0.094333123,0.569189356,FALSE,,,,,,0.055715572,0.026786238
2011/8/8 5:15,0.09153681,0.538710969,FALSE,,,,,,0.052905518,0.023464013
2011/8/8 6:15,0.090208492,0.513768456,FALSE,,,,,,0.051570673,0.020745214
2011/8/8 7:15,0.104276003,0.559171614,FALSE,,,,,,0.065707312,0.025694277
2011/8/8 8:15,0.094903894,0.57519573,FALSE,,,,,,0.056289148,0.027440948
2011/8/8 9:15,0.107888041,0.652947246,FALSE,,,,,,0.069337099,0.035916069
2011/8/8 10:15,0.122527132,0.745038888,FALSE,,,,,,0.084048127,0.0459543
2011/8/8 11:15,0.141545455,0.857579555,FALSE,,,,,,0.103159907,0.05822153
2011/8/8 12:15,0.145774947,0.875553119,FALSE,,,,,,0.107410183,0.060180696
2011/8/8 13:15,0.142292359,0.854941414,FALSE,,,,,,0.103910481,0.057933966
2011/8/8 14:15,0.093738454,0.790767679,FALSE,,,,,,0.055117981,0.050938859
2011/8/8 16:15,0.115965909,0.712741698,FALSE,,,,,,0.077454662,0.042433822
2011/8/8 17:15,0.082182384,0.615699782,FALSE,,,,,,0.043505124,0.031855997
2011/8/8 18:15,0.092220383,0.59520085,FALSE,,,,,,0.05359245,0.029621559
2011/8/8 19:15,0.089708117,0.63471946,FALSE,,,,,,0.051067839,0.033929192
2011/8/8 20:15,0.085199223,0.547550792,FALSE,,,,,,0.046536788,0.024427577
2011/8/8 21:15,0.081783392,0.590809094,FALSE,,,,,,0.043104171,0.029142846
2011/8/8 22:15,0.087713102,0.570679943,FALSE,,,,,,0.04906302,0.026948716
2011/8/8 23:15,0.059307759,0.541534215,FALSE,,,,,,0.020518092,0.023771754
2011/8/9 0:15,0.081490066,0.536134186,FALSE,,,,,,0.042809404,0.023183137
2011/8/9 1:15,0.091441291,0.586947281,FALSE,,,,,,0.05280953,0.028721898
2011/8/9 2:15,0.094289561,0.599060022,FALSE,,,,,,0.055671796,0.030042219
2011/8/9 3:15,0.096501629,0.578157414,FALSE,,,,,,0.057894734,0.02776378
2011/8/9 4:15,0.085244344,0.501817758,FALSE,,,,,,0.046582131,0.019442556
2011/8/9 5:15,0.090543626,0.518201068,FALSE,,,,,,0.051907453,0.02122838
2011/8/9 6:15,0.095731253,0.511505674,FALSE,,,,,,0.057120573,0.020498564
2011/8/9 7:15,0.100878314,0.597075587,FALSE,,,,,,0.062292926,0.02982591
2011/8/9 8:15,0.101331689,0.598728667,FALSE,,,,,,0.062748529,0.030006101
2011/8/9 9:15,0.132678571,0.783646779,FALSE,,,,,,0.094249451,0.050162662
2011/8/9 10:15,0.133308958,0.788622722,FALSE,,,,,,0.094882936,0.050705053
2011/8/9 11:15,0.146563246,0.863118245,FALSE,,,,,,0.108202356,0.058825262
2011/8/9 12:15,0.213648649,1.273015191,FALSE,,,,,,0.175617418,0.10350511
2011/8/9 14:15,0.1387182,0.884040258,FALSE,,,,,,0.100318759,0.061105816
2011/8/9 15:15,0.115043048,0.802570074,FALSE,,,,,,0.076527266,0.052225351
2011/8/9 16:15,0.096909394,0.723815455,FALSE,,,,,,0.058304503,0.04364089
2011/8/9 17:15,0.089442638,0.661586612,FALSE,,,,,,0.050801055,0.036857782
2011/8/9 18:15,0.094789474,0.617642291,FALSE,,,,,,0.056174166,0.032067735
2011/8/9 19:15,0.089082386,0.629898957,FALSE,,,,,,0.050439033,0.033403744
2011/8/9 20:15,0.077533088,0.601685026,FALSE,,,,,,0.038832981,0.030328351
2011/8/9 21:15,0.101094538,0.645256582,FALSE,,,,,,0.062510213,0.035077766
2011/8/9 22:15,0.063522444,0.590185964,FALSE,,,,,,0.024753489,0.029074923
2011/8/9 23:15,0.095962028,0.620264322,FALSE,,,,,,0.057352482,0.032353544
2011/8/10 0:15,0.083246049,0.559184359,FALSE,,,,,,0.044574016,0.025695667
2011/8/10 1:15,0.091033288,0.59016148,FALSE,,,,,,0.052399522,0.029072255
2011/8/10 2:15,0.090985959,0.591462623,FALSE,,,,,,0.05235196,0.029214083
2011/8/10 3:15,0.104742634,0.642369011,FALSE,,,,,,0.066176236,0.034763013
2011/8/10 4:15,0.089457528,0.520049264,FALSE,,,,,,0.050816018,0.021429838
2011/8/10 5:15,0.087184013,0.502427012,FALSE,,,,,,0.048531331,0.019508966
2011/8/10 6:15,0.093412162,0.504466919,FALSE,,,,,,0.054790086,0.019731321
2011/8/10 7:15,0.084788037,0.506236727,FALSE,,,,,,0.046123581,0.019924235
2011/8/10 8:15,0.129779045,0.547044703,FALSE,,,,,,0.091335676,0.024372412
2011/8/10 9:15,0.106145004,0.624164877,FALSE,,,,,,0.067585497,0.032778715
2011/8/10 10:15,0.138995363,0.821473592,FALSE,,,,,,0.100597284,0.054285885
2011/8/10 11:15,0.163650108,0.962219823,FALSE,,,,,,0.125373183,0.069627595
2011/8/10 12:15,0.195010941,1.132545431,FALSE,,,,,,0.156888124,0.088193535
2011/8/10 13:15,0.080764431,0.946045959,FALSE,,,,,,0.042080203,0.067864601
2011/8/10 15:15,0.135370601,0.983489745,FALSE,,,,,,0.09695471,0.071946073
2011/8/10 17:15,0.118851057,0.820945624,FALSE,,,,,,0.080353988,0.054228335
2011/8/10 18:15,0.097984028,0.730903857,FALSE,,,,,,0.059384418,0.044413545
2011/8/10 19:15,0.10048577,0.625206072,FALSE,,,,,,0.061898453,0.032892208
2011/8/10 20:15,0.116815085,0.73117058,FALSE,,,,,,0.078308011,0.044442618
2011/8/10 21:15,0.088712236,0.676400974,FALSE,,,,,,0.050067064,0.038472587
2011/8/10 23:15,0.093170209,0.660492955,FALSE,,,,,,0.054546944,0.036738571
2011/8/11 0:15,0.085775578,0.554590238,FALSE,,,,,,0.047115975,0.025194895
2011/8/11 1:15,0.105584482,0.715748969,FALSE,,,,,,0.067022221,0.042761622
2011/8/11 2:15,0.086452342,0.552449343,FALSE,,,,,,0.047796065,0.024961532
2011/8/11 3:15,0.099157479,0.608818564,FALSE,,,,,,0.060563635,0.031105926
2011/8/11 4:15,0.097040816,0.565352452,FALSE,,,,,,0.058436571,0.026368005
2011/8/11 5:15,0.093660083,0.545612491,FALSE,,,,,,0.055039225,0.024216297
2011/8/11 6:15,0.094246275,0.52165118,FALSE,,,,,,0.055628297,0.021604451
2011/8/11 7:15,0.112770864,0.577066437,FALSE,,,,,,0.074243917,0.02764486
2011/8/11 8:15,0.108728767,0.649319201,FALSE,,,,,,0.070181957,0.035520602
2011/8/11 9:15,0.128320388,0.761580436,FALSE,,,,,,0.089869852,0.047757373
2011/8/11 10:15,0.161382114,0.958909404,FALSE,,,,,,0.123094044,0.069266751
2011/8/11 11:15,0.149149425,0.879025593,FALSE,,,,,,0.110801243,0.060559205
2011/8/11 12:15,0.169220532,1.028815146,FALSE,,,,,,0.13097098,0.076886661
2011/8/11 14:15,0.1219716,1.127946383,FALSE,,,,,,0.083489865,0.087692227
2011/8/11 15:15,0.106156428,0.806395267,FALSE,,,,,,0.067596977,0.052642308
2011/8/11 16:15,0.16320432,0.998546127,FALSE,,,,,,0.124925204,0.073587258
2011/8/11 17:15,0.11472774,0.797586425,FALSE,,,,,,0.076210409,0.051682121
2011/8/11 18:15,0.076001467,0.653892646,FALSE,,,,,,0.037293834,0.03601912
2011/8/11 19:15,0.105483473,0.668489407,FALSE,,,,,,0.066920715,0.037610205
2011/8/11 20:15,0.094975853,0.70477406,FALSE,,,,,,0.056361461,0.041565328
2011/8/11 21:15,0.065352529,0.618160741,FALSE,,,,,,0.026592567,0.032124248
2011/8/11 22:15,0.092761951,0.703522679,FALSE,,,,,,0.054136679,0.041428924
2011/8/11 23:15,0.099714964,0.645565581,FALSE,,,,,,0.06112386,0.035111448
2011/8/12 0:15,0.090762943,0.641368767,FALSE,,,,,,0.052127848,0.034653984
2011/8/12 1:15,0.082402385,0.705282913,FALSE,,,,,,0.043726206,0.041620794
2011/8/12 2:15,0.103661465,0.612891663,FALSE,,,,,,0.065089754,0.031549904
2011/8/12 3:15,0.199852941,0.595617239,FALSE,,,,,,0.161753918,0.029666947
2011/8/12 4:15,0.130808383,0.397505243,FALSE,,,,,,0.092370073,0.008072217
2011/8/12 5:15,0.143984576,0.433460253,FALSE,,,,,,0.105611014,0.011991408
2011/8/12 6:15,0.187510549,0.452638012,FALSE,,,,,,0.149350875,0.014081834
2011/8/12 7:15,0.187205882,0.554466658,FALSE,,,,,,0.149044711,0.025181425
2011/8/12 8:15,0.237744361,0.762423746,FALSE,,,,,,0.199831537,0.047849296
2011/8/12 9:15,0.252205882,0.743389684,FALSE,,,,,,0.214364123,0.045774533
2011/8/12 10:15,0.412619048,1.239805409,TRUE,,,,,,0.375565564,0.099885156
2011/8/12 11:15,0.333783784,1.247852885,FALSE,,,,,,0.296342901,0.100762352
2011/8/12 13:15,0.218,1.56976505,FALSE,,,,,,0.179990152,0.135851627
2011/8/12 14:15,0.308706897,1.304458692,FALSE,,,,,,0.271142785,0.106932534
2011/8/12 15:15,0.241355014,0.913389057,FALSE,,,,,,0.203459933,0.064304913
2011/8/12 16:15,0.212047244,0.797229089,FALSE,,,,,,0.174008144,0.05164317
2011/8/12 17:15,0.135947019,0.58867063,FALSE,,,,,,0.09753396,0.028909748
2011/8/12 18:15,0.134796954,0.621693122,FALSE,,,,,,0.096378244,0.032509287
2011/8/12 19:15,0.16290429,0.561822052,FALSE,,,,,,0.1246237,0.025983182
2011/8/12 21:15,0.160676259,0.586936755,FALSE,,,,,,0.12238472,0.028720751
2011/8/12 22:15,0.109723404,0.5104576,FALSE,,,,,,0.071181481,0.020384321
2011/8/12 23:15,0.121656442,0.411906443,FALSE,,,,,,0.083173159,0.009641986
2011/8/13 0:15,0.131589958,0.481140663,FALSE,,,,,,0.093155488,0.017188698
2011/8/13 1:15,0.193345725,0.727249846,FALSE,,,,,,0.155214725,0.044015248
2011/8/13 2:15,0.1795,0.692740174,FALSE,,,,,,0.141300962,0.040253603
2011/8/13 3:15,0.183160622,0.606669069,FALSE,,,,,,0.144979572,0.030871625
2011/8/13 4:15,0.152888889,0.481597592,FALSE,,,,,,0.114559083,0.017238505
2011/8/13 5:15,0.145144357,0.452214872,FALSE,,,,,,0.106776494,0.014035711
2011/8/13 6:15,0.156018809,0.50342393,FALSE,,,,,,0.117704383,0.019617633
2011/8/13 7:15,0.181965066,0.592080024,FALSE,,,,,,0.143778141,0.029281381
2011/8/13 8:15,0.214,0.670440068,FALSE,,,,,,0.175970496,0.037822832
2011/8/13 9:15,0.839230769,0.781322734,FALSE,,,,,,0.804273667,0.049909335
2011/8/13 10:15,0.3325,1.12155162,FALSE,,,,,,0.295052808,0.086995181
2011/8/13 11:15,0.391,1.144613583,FALSE,,,,,,0.353840279,0.089508996
2011/8/13 12:15,0.574390244,3.34585118,TRUE,,,,,,0.538131708,0.329449698
2011/8/13 13:15,0.32679558,1.78017877,FALSE,,,,,,0.289320357,0.158787277
2011/8/13 15:15,0.186065574,1.163446261,FALSE,,,,,,0.147898799,0.091561807
2011/8/13 17:15,0.203935185,0.803665909,FALSE,,,,,,0.165856222,0.0523448
2011/8/13 18:15,0.241901408,0.835319294,FALSE,,,,,,0.204009012,0.055795103
2011/8/13 19:15,0.133696028,0.616081306,FALSE,,,,,,0.095271908,0.031897584
2011/8/13 20:15,0.159906323,0.551187459,FALSE,,,,,,0.121611001,0.024823984
2011/8/13 21:15,0.147527273,0.496627535,FALSE,,,,,,0.10917112,0.018876808
2011/8/13 22:15,0.124267516,0.471666183,FALSE,,,,,,0.085797064,0.016155955
2011/8/13 23:15,0.100994497,0.6462526,FALSE,,,,,,0.06240968,0.035186335
2011/8/14 0:15,0.088735409,0.610524146,FALSE,,,,,,0.050090351,0.031291839
2011/8/14 1:15,0.108771242,0.740457773,FALSE,,,,,,0.07022464,0.045454947
2011/8/14 2:15,0.102154876,0.676483129,FALSE,,,,,,0.063575761,0.038481542
2011/8/14 3:15,0.110302725,0.699954323,FALSE,,,,,,0.071763649,0.041039964
2011/8/14 4:15,0.094747602,0.581878572,FALSE,,,,,,0.056132088,0.028169396
2011/8/14 5:15,0.095811456,0.57451713,FALSE,,,,,,0.05720117,0.027366979
2011/8/14 6:15,0.104109034,0.588103546,FALSE,,,,,,0.065539522,0.028847934
2011/8/14 7:15,0.110124688,0.682825589,FALSE,,,,,,0.071584737,0.039172887
2011/8/14 8:15,0.113954755,0.702503351,FALSE,,,,,,0.075433625,0.041317815
2011/8/14 9:15,0.131629371,0.811665071,FALSE,,,,,,0.093195095,0.05321673
2011/8/14 10:15,0.156177606,0.959159639,FALSE,,,,,,0.117863961,0.069294027
2011/8/14 11:15,0.186141176,1.138912483,FALSE,,,,,,0.147974773,0.088887561
2011/8/14 12:15,0.210567823,1.319952541,FALSE,,,,,,0.172521453,0.108621405
2011/8/14 13:15,0.18308204,1.149135747,FALSE,,,,,,0.144900604,0.090001924
2011/8/14 14:15,0.184261905,1.173980977,FALSE,,,,,,0.146086267,0.092710119
2011/8/14 15:15,0.097430657,0.910558605,FALSE,,,,,,0.058828328,0.063996386
2011/8/14 16:15,0.124666667,0.786068675,FALSE,,,,,,0.086198176,0.050426655
2011/8/14 17:15,0.610352963,7.80960195,TRUE,,,,,,0.574271149,0.816010302
2011/8/14 18:15,0.099126628,0.75541784,FALSE,,,,,,0.060532633,0.047085634
2011/8/14 19:15,0.097466915,0.749192554,FALSE,,,,,,0.058864764,0.046407061
2011/8/14 20:15,0.1031434,0.665563624,FALSE,,,,,,0.064569143,0.037291287
2011/8/14 21:15,0.111710368,0.721558659,FALSE,,,,,,0.073178209,0.043394894
2011/8/14 22:15,0.090087312,0.685192622,FALSE,,,,,,0.051448897,0.0394309
2011/8/14 23:15,0.086904982,0.55707745,FALSE,,,,,,0.048250929,0.025466008
2011/8/15 1:15,0.096211533,0.636081308,FALSE,,,,,,0.057603213,0.034077637
2011/8/15 2:15,0.104748481,0.667131109,FALSE,,,,,,0.066182112,0.037462147
2011/8/15 3:15,0.119817922,0.735076057,FALSE,,,,,,0.081325604,0.044868326
2011/8/15 4:15,0.100344979,0.580668385,FALSE,,,,,,0.061756971,0.028037482
2011/8/15 5:15,0.1024393,0.579281629,FALSE,,,,,,0.063861583,0.027886322
2011/8/15 6:15,0.100038271,0.602451454,FALSE,,,,,,0.061448755,0.030411894
2011/8/15 7:15,0.126746154,0.644382914,FALSE,,,,,,0.088287882,0.034982534
2011/8/15 8:15,0.119818182,0.714276606,FALSE,,,,,,0.081325865,0.042601131
2011/8/15 9:15,0.143032385,0.848933518,FALSE,,,,,,0.104654144,0.057279089
2011/8/15 10:15,0.163942652,0.966559248,FALSE,,,,,,0.125667164,0.070100604
2011/8/15 11:15,0.177272727,1.050508874,FALSE,,,,,,0.139062744,0.079251334
2011/8/15 12:15,0.173473282,1.042514881,FALSE,,,,,,0.135244628,0.078379968
2011/8/15 14:15,0.115397351,0.932878271,FALSE,,,,,,0.07688331,0.066429288
2011/8/15 15:15,0.101152528,0.82672092,FALSE,,,,,,0.062568488,0.054857857
2011/8/15 16:15,0.123551891,0.776904573,FALSE,,,,,,0.085077922,0.049427744
2011/8/15 17:15,0.09589404,0.716201993,FALSE,,,,,,0.05728416,0.042811003
2011/8/15 18:15,0.094614118,0.711605914,FALSE,,,,,,0.055997948,0.042310018
2011/8/15 19:15,0.11044418,0.70853049,FALSE,,,,,,0.071905799,0.041974789
2011/8/15 20:15,0.086021177,0.744137884,FALSE,,,,,,0.047362781,0.045856089
2011/8/15 21:15,0.096470324,0.622400019,FALSE,,,,,,0.057863275,0.03258634
2011/8/15 22:15,0.077891578,0.607611681,FALSE,,,,,,0.039193233,0.030974372
2011/8/15 23:15,0.093905766,0.611072281,FALSE,,,,,,0.055286115,0.031351587
2011/8/16 0:15,0.085816417,0.563604798,FALSE,,,,,,0.047157015,0.026177506
2011/8/16 1:15,0.103214485,0.686922142,FALSE,,,,,,0.064640577,0.039619422
2011/8/16 2:15,0.105449291,0.675897036,FALSE,,,,,,0.066886365,0.038417656
2011/8/16 3:15,0.109692862,0.667313845,FALSE,,,,,,0.071150789,0.037482066
2011/8/16 4:15,0.105233913,0.6282262,FALSE,,,,,,0.066669929,0.033221409
2011/8/16 5:15,0.101970472,0.595912442,FALSE,,,,,,0.063390451,0.029699125
2011/8/16 6:15,0.116605328,0.634416845,FALSE,,,,,,0.078097223,0.033896206
2011/8/16 7:15,0.11328844,0.685898336,FALSE,,,,,,0.074764036,0.039507824
2011/8/16 8:15,0.135433846,0.826101318,FALSE,,,,,,0.097018265,0.054790319
2011/8/16 9:15,0.148375412,0.89252935,FALSE,,,,,,0.110023427,0.06203115
2011/8/16 10:15,0.184129555,1.120818187,FALSE,,,,,,0.145953266,0.086915235
2011/8/16 11:15,0.184005305,1.125478616,FALSE,,,,,,0.145828406,0.087423234
2011/8/16 12:15,0.182634615,1.121754742,FALSE,,,,,,0.14445098,0.087017322
2011/8/16 13:15,0.176092437,1.051289341,FALSE,,,,,,0.137876654,0.079336407
2011/8/16 14:15,0.072402792,0.966681309,FALSE,,,,,,0.033677475,0.070113909
2011/8/16 15:15,0.126272314,0.990511125,FALSE,,,,,,0.087811713,0.072711422
2011/8/16 16:15,0.14257624,0.879749253,FALSE,,,,,,0.104195757,0.060638085
2011/8/16 17:15,0.083127849,0.71447894,FALSE,,,,,,0.044455235,0.042623186
2011/8/16 18:15,0.129988159,0.877238547,FALSE,,,,,,0.091545818,0.060364412
2011/8/16 19:15,0.094660767,0.725744019,FALSE,,,,,,0.056044826,0.043851109
2011/8/16 20:15,0.113798294,0.761700055,FALSE,,,,,,0.075276396,0.047770412
2011/8/16 21:15,0.091427413,0.714732926,FALSE,,,,,,0.052795583,0.042650871
2011/8/16 22:15,0.102077626,0.676804863,FALSE,,,,,,0.063498132,0.038516612
2011/8/16 23:15,0.093205418,0.711416021,FALSE,,,,,,0.054582326,0.042289319
2011/8/17 0:15,0.090239396,0.607743521,FALSE,,,,,,0.051601728,0.030988743
2011/8/17 1:15,0.10998426,0.736028089,FALSE,,,,,,0.071443619,0.0449721
2011/8/17 2:15,0.103417616,0.664880332,FALSE,,,,,,0.064844707,0.037216806
2011/8/17 3:15,0.094837035,0.619237028,FALSE,,,,,,0.05622196,0.032241566
2011/8/17 4:15,0.092941052,0.550742015,FALSE,,,,,,0.05431666,0.024775429
2011/8/17 5:15,0.096503137,0.555550082,FALSE,,,,,,0.05789625,0.025299521
2011/8/17 6:15,0.098804449,0.616679441,FALSE,,,,,,0.06020887,0.031962782
2011/8/17 7:15,0.137145989,0.693236715,FALSE,,,,,,0.098738822,0.040307727
2011/8/17 8:15,0.138487556,0.810488811,FALSE,,,,,,0.100086981,0.053088515
2011/8/17 9:15,0.142863158,0.932629669,FALSE,,,,,,0.104484085,0.06640219
2011/8/17 10:15,0.182912424,1.105517123,FALSE,,,,,,0.144730154,0.085247379
2011/8/17 11:15,0.209246231,1.244322257,FALSE,,,,,,0.171193367,0.100377504
2011/8/17 12:15,0.089630901,1.07751682,FALSE,,,,,,0.050990243,0.082195272
2011/8/17 13:15,0.160098888,0.993365801,FALSE,,,,,,0.121804512,0.073022589
2011/8/17 14:15,0.169830961,1.036364229,FALSE,,,,,,0.131584409,0.077709531
2011/8/17 15:15,0.11109589,0.92703924,FALSE,,,,,,0.072560712,0.065792819
2011/8/17 16:15,0.103264798,0.821436448,FALSE,,,,,,0.064691138,0.054281836
2011/8/17 18:15,0.10642134,0.762617399,FALSE,,,,,,0.067863191,0.047870404
2011/8/17 19:15,0.111075992,0.714061063,FALSE,,,,,,0.072540716,0.042577636
2011/8/17 20:15,0.093329548,0.735661201,FALSE,,,,,,0.054707066,0.044932108
2011/8/17 21:15,0.090156476,0.666658953,FALSE,,,,,,0.051518401,0.037410681
2011/8/17 22:15,0.091387183,0.621769977,FALSE,,,,,,0.052755156,0.032517664
2011/8/17 23:15,0.082578864,0.54844674,FALSE,,,,,,0.043903552,0.024525238
2011/8/18 0:15,0.083367487,0.544978141,FALSE,,,,,,0.044696051,0.024147151
2011/8/18 1:15,0.115031692,0.758639318,FALSE,,,,,,0.076515855,0.047436783
2011/8/18 2:15,0.112555948,0.732381899,FALSE,,,,,,0.074027945,0.044574655
2011/8/18 3:15,0.097078414,0.570647048,FALSE,,,,,,0.058474354,0.02694513
2011/8/18 4:15,0.089484908,0.534028307,FALSE,,,,,,0.050843533,0.022953591
2011/8/18 5:15,0.095466593,0.542765533,FALSE,,,,,,0.056854612,0.023905971
2011/8/18 6:15,0.093089054,0.567515064,FALSE,,,,,,0.05446539,0.026603736
2011/8/18 7:15,0.134485823,0.68351637,FALSE,,,,,,0.096065584,0.039248184
2011/8/18 8:15,0.119522673,0.718008273,FALSE,,,,,,0.081028904,0.043007892
2011/8/18 9:15,0.156554268,0.936216066,TRUE,,,,,,0.118242474,0.066793117
2011/8/18 10:15,0.162859779,0.977670957,FALSE,,,,,,0.12457897,0.071311809
2011/8/18 11:15,0.156780822,0.953869234,FALSE,,,,,,0.118470141,0.068717359
2011/8/18 12:15,0.15992,0.958412841,FALSE,,,,,,0.121624745,0.069212624
2011/8/18 13:15,0.09417931,0.982262311,FALSE,,,,,,0.055561003,0.071812279
2011/8/18 14:15,0.148830549,0.944170399,FALSE,,,,,,0.1104808,0.06766016
2011/8/18 15:15,0.070210787,0.712214878,FALSE,,,,,,0.031474698,0.042376397
2011/8/18 16:15,0.12625,0.779245318,FALSE,,,,,,0.08778929,0.049682891
2011/8/18 18:15,0.105712169,0.770476887,FALSE,,,,,,0.067150535,0.048727109
2011/8/18 20:15,0.103750564,0.772785581,FALSE,,,,,,0.065179291,0.048978763
2011/8/18 21:15,0.122362026,0.792569186,FALSE,,,,,,0.08388221,0.051135228
2011/8/18 22:15,0.137876671,0.892232195,FALSE,,,,,,0.099473094,0.061998759
2011/8/18 23:15,0.117859526,0.928590112,FALSE,,,,,,0.079357585,0.065961868
2011/8/19 0:15,0.120464979,0.809001111,FALSE,,,,,,0.081975841,0.052926351
2011/8/19 1:15,0.113749719,0.773142351,FALSE,,,,,,0.075227582,0.049017652
2011/8/19 2:15,0.10735183,0.683645009,FALSE,,,,,,0.068798253,0.039262206
2011/8/19 3:15,0.109541387,0.666356499,FALSE,,,,,,0.07099857,0.037377713
2011/8/19 4:15,0.105772059,0.602663492,FALSE,,,,,,0.067210719,0.030435007
2011/8/19 5:15,0.108844212,0.615586217,FALSE,,,,,,0.070297969,0.031843618
2011/8/19 6:15,0.112162649,0.680106983,FALSE,,,,,,0.073632713,0.038876552
2011/8/19 7:15,0.117966273,0.715438474,FALSE,,,,,,0.079464856,0.042727777
2011/8/19 8:15,0.127787611,0.778365849,FALSE,,,,,,0.089334456,0.049587027
2011/8/19 9:15,0.155221774,0.940738025,FALSE,,,,,,0.116903432,0.067286022
2011/8/19 10:15,0.156446945,1.064311495,FALSE,,,,,,0.118134623,0.080755856
2011/8/19 11:15,0.171681818,1.033223455,FALSE,,,,,,0.133444361,0.077367178
2011/8/19 12:15,0.175777154,1.069205315,FALSE,,,,,,0.137559822,0.081289296
2011/8/19 13:15,0.145376782,0.902481888,FALSE,,,,,,0.107010061,0.063116003
2011/8/19 14:15,0.102166314,0.948048757,FALSE,,,,,,0.063587256,0.068082911
2011/8/19 15:15,0.108963554,0.940754216,FALSE,,,,,,0.070417898,0.067287787
2011/8/19 16:15,0.120971308,0.93422281,FALSE,,,,,,0.082484658,0.066575847
2011/8/19 18:15,0.838040541,9.497540003,TRUE,,,,,,0.80307759,1
2011/8/19 19:15,0.138870861,0.863326087,FALSE,,,,,,0.10047217,0.058847917
2011/8/19 20:15,0.113684526,0.703298738,FALSE,,,,,,0.075162069,0.041404514
2011/8/19 21:15,0.114137812,0.713623326,FALSE,,,,,,0.075617582,0.042529921
2011/8/19 22:15,0.098671769,0.654695043,FALSE,,,,,,0.060075538,0.036106583
2011/8/19 23:15,0.106513501,0.674132038,FALSE,,,,,,0.067955805,0.038225267
2011/8/20 0:15,0.105483217,0.662703094,FALSE,,,,,,0.066920458,0.036979482
2011/8/20 1:15,0.124805619,0.794094232,FALSE,,,,,,0.086337811,0.051301462
2011/8/20 2:15,0.112333477,0.682984438,FALSE,,,,,,0.07380438,0.039190202
2011/8/20 3:15,0.108533906,0.668096115,FALSE,,,,,,0.069986138,0.037567335
2011/8/20 4:15,0.109217352,0.644444816,FALSE,,,,,,0.070672943,0.034989281
2011/8/20 5:15,0.109404084,0.631821337,FALSE,,,,,,0.070860592,0.033613289
2011/8/20 6:15,0.110393436,0.664079705,FALSE,,,,,,0.071854806,0.037129536
2011/8/20 7:15,0.136529324,0.691809113,FALSE,,,,,,0.098119127,0.040152115
2011/8/20 8:15,0.123941368,0.731047521,FALSE,,,,,,0.085469313,0.044429205
2011/8/20 9:15,0.157157652,0.916183653,FALSE,,,,,,0.118848823,0.064609531
